time="2026-07-29T08:00:01+07:00" level=warning msg="/var/www/html/aigen/import-pr/docker-compose.yaml: the attribute `version` is obsolete, it will be ignored, please remove it to avoid potential confusion"
time="2026-07-29T08:00:01+07:00" level=warning msg="/var/www/html/aigen/import-pr-gateway/docker-compose.yaml: the attribute `version` is obsolete, it will be ignored, please remove it to avoid potential confusion"

> redzone-api@1.0.0 run:cron
> node src/cron.js

Database connection authenticated.
[DATABASE] Connection has been established successfully.
[DATABASE ISOURCING] Connection has been established successfully.
[DATABASE ISEARCH] Connection has been established successfully.
Environments : production
[SMTP] Connected to SMTP server
Starting cron job for single submission deadline vendor to dic
Checking for single submission RFQs from 6 day(s) ago.
Searching for single submission RFQs created 6 business days ago: 2026-07-21
Found RFQ0001730
Checking for single submission RFQs from 3 day(s) ago.
Searching for single submission RFQs created 3 business days ago: 2026-07-24
No RFQs met the single submission deadline criteria.
Starting daily reminder for pending DIC confirmations...
Found 26 unique RFQ/batch group(s) to send DIC confirmation reminders.
DIC confirmation reminder sent for RFQ: RFQ0001401, Batch: 2
DIC confirmation reminder sent for RFQ: RFQ0001404, Batch: 2
DIC confirmation reminder sent for RFQ: RFQ0001405, Batch: 2
DIC confirmation reminder sent for RFQ: RFQ0001497, Batch: 2
DIC confirmation reminder sent for RFQ: RFQ0001498, Batch: 2
DIC confirmation reminder sent for RFQ: RFQ0001553, Batch: 2
DIC confirmation reminder sent for RFQ: RFQ0001554, Batch: 2
DIC confirmation reminder sent for RFQ: RFQ0001555, Batch: 2
DIC confirmation reminder sent for RFQ: RFQ0001556, Batch: 2
DIC confirmation reminder sent for RFQ: RFQ0001557, Batch: 2
DIC confirmation reminder sent for RFQ: RFQ0001600, Batch: 2
DIC confirmation reminder sent for RFQ: RFQ0001640, Batch: 2
DIC confirmation reminder sent for RFQ: RFQ0001664, Batch: 2
DIC confirmation reminder sent for RFQ: RFQ0001665, Batch: 2
DIC confirmation reminder sent for RFQ: RFQ0001666, Batch: 2
DIC confirmation reminder sent for RFQ: RFQ0001667, Batch: 2
DIC confirmation reminder sent for RFQ: RFQ0001709, Batch: 2
DIC confirmation reminder sent for RFQ: RFQ0001710, Batch: 2
DIC confirmation reminder sent for RFQ: RFQ0001715, Batch: 2
DIC confirmation reminder sent for RFQ: RFQ0001721, Batch: 2
DIC confirmation reminder sent for RFQ: RFQ0001730, Batch: 2
DIC confirmation reminder sent for RFQ: RFQ0001743, Batch: 2
DIC confirmation reminder sent for RFQ: RFQ0001765, Batch: 2
DIC confirmation reminder sent for RFQ: RFQ0001772, Batch: 2
DIC confirmation reminder sent for RFQ: RFQ0001773, Batch: 2
DIC confirmation reminder sent for RFQ: RFQ0001775, Batch: 2
Starting cron job for single submission/one pending follow-up...
2026-07-26T00:00:00.000Z 2026-07-26T23:59:59.999Z
No RFQs found from 3 days ago with one vendor declined and one pending.
Starting cron job for declined/pending follow-up...
No RFQs found with one vendor declined and one pending.
Starting cron job for vendor direct expiration...
Processing expired Vendor Direct action for RFQ numbers: [
  'RFQ0001324', 'RFQ0001621',
  'RFQ0001629', 'RFQ0001643',
  'RFQ0001756', 'RFQ0001757',
  'RFQ0001758', 'RFQ0001759',
  'RFQ0001764', 'RFQ0001766',
  'RFQ0001768', 'RFQ0001769',
  'RFQ0001770', 'RFQ0001713'
]
{
  params: {
    rfq_number: 'RFQ0001324',
    vendor_batch: 3,
    id: { [Symbol(in)]: [Array] },
    vendor_code: '101426'
  }
}
Failed to get vendor direct action for RFQ RFQ0001324
{
  message: 'No RFQ items found for rfq_number: RFQ0001324',
  data: null
}
{
  params: {
    rfq_number: 'RFQ0001621',
    vendor_batch: 1,
    id: { [Symbol(in)]: [Array] },
    vendor_code: '102768'
  }
}
Moment Timezone has no data for +07:00. See http://momentjs.com/timezone/docs/#/data-loading/.
Deleted DB Records: 0
File Deletion Results: []
Skipping 1 items for RFQ RFQ0001621 as they already exist for vendor 300022.
SEND EMAIL TO VENDORS START {
  rfq_number: 'RFQ0001621',
  vendor_code: '100415',
  vendor_batch: 1,
  vendor_type: undefined,
  item_codes: [ '6' ]
}
Error in sendRequestForQuotation: TypeError: Cannot destructure property 'cs_id' of 'firstItem' as it is undefined.
    at Object.resendEmailVendors (/app/src/services/emailServices.js:761:17)
    at process.processTicksAndRejections (node:internal/process/task_queues:95:5)
    at async exports.handleExpiredVendorDirect (/app/src/services/prService.js:107:25)
    at async runCronTasks (/app/src/cron.js:62:9)
    at async cronJob (/app/src/cron.js:108:5)
Failed to process expired Vendor Direct action for RFQ RFQ0001621: TypeError: Cannot destructure property 'cs_id' of 'firstItem' as it is undefined.
    at Object.resendEmailVendors (/app/src/services/emailServices.js:761:17)
    at process.processTicksAndRejections (node:internal/process/task_queues:95:5)
    at async exports.handleExpiredVendorDirect (/app/src/services/prService.js:107:25)
    at async runCronTasks (/app/src/cron.js:62:9)
    at async cronJob (/app/src/cron.js:108:5)
{
  params: {
    rfq_number: 'RFQ0001629',
    vendor_batch: 1,
    id: { [Symbol(in)]: [Array] },
    vendor_code: '102768'
  }
}
Moment Timezone has no data for +07:00. See http://momentjs.com/timezone/docs/#/data-loading/.
Deleted DB Records: 0
File Deletion Results: []
Skipping 1 items for RFQ RFQ0001629 as they already exist for vendor 300022.
SEND EMAIL TO VENDORS START {
  rfq_number: 'RFQ0001629',
  vendor_code: '100415',
  vendor_batch: 1,
  vendor_type: undefined,
  item_codes: [ '1' ]
}
Error in sendRequestForQuotation: TypeError: Cannot destructure property 'cs_id' of 'firstItem' as it is undefined.
    at Object.resendEmailVendors (/app/src/services/emailServices.js:761:17)
    at process.processTicksAndRejections (node:internal/process/task_queues:95:5)
    at async exports.handleExpiredVendorDirect (/app/src/services/prService.js:107:25)
    at async runCronTasks (/app/src/cron.js:62:9)
    at async cronJob (/app/src/cron.js:108:5)
Failed to process expired Vendor Direct action for RFQ RFQ0001629: TypeError: Cannot destructure property 'cs_id' of 'firstItem' as it is undefined.
    at Object.resendEmailVendors (/app/src/services/emailServices.js:761:17)
    at process.processTicksAndRejections (node:internal/process/task_queues:95:5)
    at async exports.handleExpiredVendorDirect (/app/src/services/prService.js:107:25)
    at async runCronTasks (/app/src/cron.js:62:9)
    at async cronJob (/app/src/cron.js:108:5)
{
  params: {
    rfq_number: 'RFQ0001643',
    vendor_batch: 1,
    id: { [Symbol(in)]: [Array] },
    vendor_code: '102768'
  }
}
Moment Timezone has no data for +07:00. See http://momentjs.com/timezone/docs/#/data-loading/.
Deleted DB Records: 0
File Deletion Results: []
Skipping 1 items for RFQ RFQ0001643 as they already exist for vendor 300022.
SEND EMAIL TO VENDORS START {
  rfq_number: 'RFQ0001643',
  vendor_code: '100415',
  vendor_batch: 1,
  vendor_type: undefined,
  item_codes: [ '3' ]
}
Error in sendRequestForQuotation: TypeError: Cannot destructure property 'cs_id' of 'firstItem' as it is undefined.
    at Object.resendEmailVendors (/app/src/services/emailServices.js:761:17)
    at process.processTicksAndRejections (node:internal/process/task_queues:95:5)
    at async exports.handleExpiredVendorDirect (/app/src/services/prService.js:107:25)
    at async runCronTasks (/app/src/cron.js:62:9)
    at async cronJob (/app/src/cron.js:108:5)
Failed to process expired Vendor Direct action for RFQ RFQ0001643: TypeError: Cannot destructure property 'cs_id' of 'firstItem' as it is undefined.
    at Object.resendEmailVendors (/app/src/services/emailServices.js:761:17)
    at process.processTicksAndRejections (node:internal/process/task_queues:95:5)
    at async exports.handleExpiredVendorDirect (/app/src/services/prService.js:107:25)
    at async runCronTasks (/app/src/cron.js:62:9)
    at async cronJob (/app/src/cron.js:108:5)
{
  params: {
    rfq_number: 'RFQ0001756',
    vendor_batch: 1,
    id: { [Symbol(in)]: [Array] },
    vendor_code: '100329'
  }
}
Moment Timezone has no data for +07:00. See http://momentjs.com/timezone/docs/#/data-loading/.
Deleted DB Records: 0
File Deletion Results: []
Skipping 2 items for RFQ RFQ0001756 as they already exist for vendor 300022.
SEND EMAIL TO VENDORS START {
  rfq_number: 'RFQ0001756',
  vendor_code: '100329',
  vendor_batch: 1,
  vendor_type: undefined,
  item_codes: [ '6', '7' ]
}
MILESTONE:  Email Sent
MILESTONE:  Waiting Vendor
SEND EMAIL TO VENDORS START {
  rfq_number: 'RFQ0001756',
  vendor_code: '300022',
  vendor_batch: 1,
  vendor_type: undefined,
  item_codes: [ '6', '7' ]
}
MILESTONE:  Email Sent
MILESTONE:  Waiting Vendor
{
  params: {
    rfq_number: 'RFQ0001757',
    vendor_batch: 1,
    id: { [Symbol(in)]: [Array] },
    vendor_code: '102244'
  }
}
Moment Timezone has no data for +07:00. See http://momentjs.com/timezone/docs/#/data-loading/.
Deleted DB Records: 0
File Deletion Results: []
Skipping 1 items for RFQ RFQ0001757 as they already exist for vendor 300022.
SEND EMAIL TO VENDORS START {
  rfq_number: 'RFQ0001757',
  vendor_code: '102244',
  vendor_batch: 1,
  vendor_type: undefined,
  item_codes: [ '9' ]
}
MILESTONE:  Email Sent
MILESTONE:  Waiting Vendor
SEND EMAIL TO VENDORS START {
  rfq_number: 'RFQ0001757',
  vendor_code: '300022',
  vendor_batch: 1,
  vendor_type: undefined,
  item_codes: [ '9' ]
}
MILESTONE:  Email Sent
MILESTONE:  Waiting Vendor
{
  params: {
    rfq_number: 'RFQ0001758',
    vendor_batch: 1,
    id: { [Symbol(in)]: [Array] },
    vendor_code: '102244'
  }
}
Moment Timezone has no data for +07:00. See http://momentjs.com/timezone/docs/#/data-loading/.
Deleted DB Records: 0
File Deletion Results: []
Skipping 2 items for RFQ RFQ0001758 as they already exist for vendor 300022.
SEND EMAIL TO VENDORS START {
  rfq_number: 'RFQ0001758',
  vendor_code: '102244',
  vendor_batch: 1,
  vendor_type: undefined,
  item_codes: [ '1', '5' ]
}
MILESTONE:  Email Sent
MILESTONE:  Waiting Vendor
SEND EMAIL TO VENDORS START {
  rfq_number: 'RFQ0001758',
  vendor_code: '300022',
  vendor_batch: 1,
  vendor_type: undefined,
  item_codes: [ '1', '5' ]
}
MILESTONE:  Email Sent
MILESTONE:  Waiting Vendor
{
  params: {
    rfq_number: 'RFQ0001759',
    vendor_batch: 1,
    id: { [Symbol(in)]: [Array] },
    vendor_code: '100193'
  }
}
Moment Timezone has no data for +07:00. See http://momentjs.com/timezone/docs/#/data-loading/.
Deleted DB Records: 0
File Deletion Results: []
Skipping 1 items for RFQ RFQ0001759 as they already exist for vendor 300022.
SEND EMAIL TO VENDORS START {
  rfq_number: 'RFQ0001759',
  vendor_code: '100193',
  vendor_batch: 1,
  vendor_type: undefined,
  item_codes: [ '10' ]
}
MILESTONE:  Email Sent
MILESTONE:  Waiting Vendor
SEND EMAIL TO VENDORS START {
  rfq_number: 'RFQ0001759',
  vendor_code: '300022',
  vendor_batch: 1,
  vendor_type: undefined,
  item_codes: [ '10' ]
}
MILESTONE:  Email Sent
MILESTONE:  Waiting Vendor
{
  params: {
    rfq_number: 'RFQ0001764',
    vendor_batch: 1,
    id: { [Symbol(in)]: [Array] },
    vendor_code: '100850'
  }
}
Moment Timezone has no data for +07:00. See http://momentjs.com/timezone/docs/#/data-loading/.
Deleted DB Records: 0
File Deletion Results: []
Skipping 1 items for RFQ RFQ0001764 as they already exist for vendor 300022.
SEND EMAIL TO VENDORS START {
  rfq_number: 'RFQ0001764',
  vendor_code: '100850',
  vendor_batch: 1,
  vendor_type: undefined,
  item_codes: [ '2' ]
}
MILESTONE:  Email Sent
MILESTONE:  Waiting Vendor
SEND EMAIL TO VENDORS START {
  rfq_number: 'RFQ0001764',
  vendor_code: '300022',
  vendor_batch: 1,
  vendor_type: undefined,
  item_codes: [ '2' ]
}
MILESTONE:  Email Sent
MILESTONE:  Waiting Vendor
{
  params: {
    rfq_number: 'RFQ0001766',
    vendor_batch: 1,
    id: { [Symbol(in)]: [Array] },
    vendor_code: '100329'
  }
}
Moment Timezone has no data for +07:00. See http://momentjs.com/timezone/docs/#/data-loading/.
Deleted DB Records: 0
File Deletion Results: []
Skipping 1 items for RFQ RFQ0001766 as they already exist for vendor 300022.
SEND EMAIL TO VENDORS START {
  rfq_number: 'RFQ0001766',
  vendor_code: '100329',
  vendor_batch: 1,
  vendor_type: undefined,
  item_codes: [ '8' ]
}
MILESTONE:  Email Sent
MILESTONE:  Waiting Vendor
SEND EMAIL TO VENDORS START {
  rfq_number: 'RFQ0001766',
  vendor_code: '300022',
  vendor_batch: 1,
  vendor_type: undefined,
  item_codes: [ '8' ]
}
MILESTONE:  Email Sent
MILESTONE:  Waiting Vendor
{
  params: {
    rfq_number: 'RFQ0001768',
    vendor_batch: 1,
    id: { [Symbol(in)]: [Array] },
    vendor_code: '101426'
  }
}
Moment Timezone has no data for +07:00. See http://momentjs.com/timezone/docs/#/data-loading/.
Deleted DB Records: 0
File Deletion Results: []
Skipping 1 items for RFQ RFQ0001768 as they already exist for vendor 300022.
SEND EMAIL TO VENDORS START {
  rfq_number: 'RFQ0001768',
  vendor_code: '101426',
  vendor_batch: 1,
  vendor_type: undefined,
  item_codes: [ '1' ]
}
MILESTONE:  Email Sent
MILESTONE:  Waiting Vendor
SEND EMAIL TO VENDORS START {
  rfq_number: 'RFQ0001768',
  vendor_code: '300022',
  vendor_batch: 1,
  vendor_type: undefined,
  item_codes: [ '1' ]
}
MILESTONE:  Email Sent
MILESTONE:  Waiting Vendor
{
  params: {
    rfq_number: 'RFQ0001769',
    vendor_batch: 1,
    id: { [Symbol(in)]: [Array] },
    vendor_code: '101426'
  }
}
Moment Timezone has no data for +07:00. See http://momentjs.com/timezone/docs/#/data-loading/.
Deleted DB Records: 0
File Deletion Results: []
Skipping 2 items for RFQ RFQ0001769 as they already exist for vendor 300022.
SEND EMAIL TO VENDORS START {
  rfq_number: 'RFQ0001769',
  vendor_code: '101426',
  vendor_batch: 1,
  vendor_type: undefined,
  item_codes: [ '1', '2' ]
}
MILESTONE:  Email Sent
MILESTONE:  Waiting Vendor
SEND EMAIL TO VENDORS START {
  rfq_number: 'RFQ0001769',
  vendor_code: '300022',
  vendor_batch: 1,
  vendor_type: undefined,
  item_codes: [ '1', '2' ]
}
MILESTONE:  Email Sent
MILESTONE:  Waiting Vendor
{
  params: {
    rfq_number: 'RFQ0001770',
    vendor_batch: 1,
    id: { [Symbol(in)]: [Array] },
    vendor_code: '100353'
  }
}
Moment Timezone has no data for +07:00. See http://momentjs.com/timezone/docs/#/data-loading/.
Deleted DB Records: 0
File Deletion Results: []
Skipping 2 items for RFQ RFQ0001770 as they already exist for vendor 300022.
SEND EMAIL TO VENDORS START {
  rfq_number: 'RFQ0001770',
  vendor_code: '100353',
  vendor_batch: 1,
  vendor_type: undefined,
  item_codes: [ '1', '2' ]
}
MILESTONE:  Email Sent
MILESTONE:  Waiting Vendor
SEND EMAIL TO VENDORS START {
  rfq_number: 'RFQ0001770',
  vendor_code: '300022',
  vendor_batch: 1,
  vendor_type: undefined,
  item_codes: [ '1', '2' ]
}
MILESTONE:  Email Sent
MILESTONE:  Waiting Vendor
{
  params: {
    rfq_number: 'RFQ0001713',
    vendor_batch: 5,
    id: { [Symbol(in)]: [Array] },
    vendor_code: '100238'
  }
}
Moment Timezone has no data for +07:00. See http://momentjs.com/timezone/docs/#/data-loading/.
Deleted DB Records: 0
File Deletion Results: []
Skipping 1 items for RFQ RFQ0001713 as they already exist for vendor 300022.
SEND EMAIL TO VENDORS START {
  rfq_number: 'RFQ0001713',
  vendor_code: '100238',
  vendor_batch: 5,
  vendor_type: undefined,
  item_codes: [ '1' ]
}
MILESTONE:  Email Sent
MILESTONE:  Waiting Vendor
SEND EMAIL TO VENDORS START {
  rfq_number: 'RFQ0001713',
  vendor_code: '300022',
  vendor_batch: 1,
  vendor_type: undefined,
  item_codes: [ '1' ]
}
MILESTONE:  Email Sent
MILESTONE:  Waiting Vendor
Starting cron job for vendor expiration...
Processing expired Vendor action for RFQ numbers: [
  'RFQ0000110',
  'RFQ0001238',
  'RFQ0001324',
  'RFQ0001324',
  'RFQ0001324',
  'RFQ0001730',
  'RFQ0001731',
  'RFQ0001731'
]
{
  params: { rfq_number: 'RFQ0000110', vendor_batch: 1, vendor_code: '300022' }
}
Failed to get vendor action for RFQ RFQ0000110
{
  params: {
    rfq_number: 'RFQ0001238',
    vendor_batch: 3,
    status_dic: 3,
    vendor_code: '101962'
  }
}
Failed to get vendor action for RFQ RFQ0001238
{
  params: {
    rfq_number: 'RFQ0001324',
    vendor_batch: 3,
    id: { [Symbol(in)]: [Array] },
    vendor_code: '101426'
  }
}
Failed to get vendor action for RFQ RFQ0001324
{
  params: {
    rfq_number: 'RFQ0001324',
    vendor_batch: 3,
    id: { [Symbol(in)]: [Array] },
    vendor_code: '101426'
  }
}
Failed to get vendor action for RFQ RFQ0001324
{
  params: {
    rfq_number: 'RFQ0001324',
    vendor_batch: 3,
    id: { [Symbol(in)]: [Array] },
    vendor_code: '101426'
  }
}
Failed to get vendor action for RFQ RFQ0001324
{
  params: {
    rfq_number: 'RFQ0001730',
    vendor_batch: 1,
    id: { [Symbol(in)]: [Array] },
    vendor_code: '104163'
  }
}
Moment Timezone has no data for +07:00. See http://momentjs.com/timezone/docs/#/data-loading/.
Deleted DB Records: 0
File Deletion Results: []
MILESTONE:  Vendor Approved
DIC email sent for sibling vendor 105337 of expired RFQ RFQ0001730
{
  params: {
    rfq_number: 'RFQ0001731',
    vendor_batch: 1,
    id: { [Symbol(in)]: [Array] },
    vendor_code: '107395'
  }
}
Moment Timezone has no data for +07:00. See http://momentjs.com/timezone/docs/#/data-loading/.
Deleted DB Records: 0
File Deletion Results: []
MILESTONE:  RFQ Not Submitted
{
  params: {
    rfq_number: 'RFQ0001731',
    vendor_batch: 1,
    id: { [Symbol(in)]: [Array] },
    vendor_code: '107939'
  }
}
Moment Timezone has no data for +07:00. See http://momentjs.com/timezone/docs/#/data-loading/.
Deleted DB Records: 0
File Deletion Results: []
Starting cron job for DIC review expiration...
Processing expired DIC action for RFQ numbers: [
  'RFQ0000960', 'RFQ0000960', 'RFQ0000969', 'RFQ0000969', 'RFQ0000969',
  'RFQ0000969', 'RFQ0000969', 'RFQ0000969', 'RFQ0000969', 'RFQ0000969',
  'RFQ0000969', 'RFQ0000969', 'RFQ0000969', 'RFQ0000969', 'RFQ0000969',
  'RFQ0000969', 'RFQ0000969', 'RFQ0000969', 'RFQ0001043', 'RFQ0001043',
  'RFQ0001043', 'RFQ0001043', 'RFQ0001043', 'RFQ0001043', 'RFQ0001043',
  'RFQ0001043', 'RFQ0001043', 'RFQ0001043', 'RFQ0001043', 'RFQ0001043',
  'RFQ0001043', 'RFQ0001043', 'RFQ0001043', 'RFQ0001043', 'RFQ0001043',
  'RFQ0001043', 'RFQ0001043', 'RFQ0001043', 'RFQ0001043', 'RFQ0001043',
  'RFQ0001043', 'RFQ0001043', 'RFQ0001043', 'RFQ0001043', 'RFQ0001043',
  'RFQ0001043', 'RFQ0001043', 'RFQ0001043', 'RFQ0001043', 'RFQ0001043',
  'RFQ0001181', 'RFQ0001181', 'RFQ0001181', 'RFQ0001181', 'RFQ0001181',
  'RFQ0001181', 'RFQ0001181', 'RFQ0001181', 'RFQ0001181', 'RFQ0001181',
  'RFQ0001181', 'RFQ0001181', 'RFQ0001181', 'RFQ0001181', 'RFQ0001181',
  'RFQ0001181', 'RFQ0001205', 'RFQ0001229', 'RFQ0001236', 'RFQ0001238',
  'RFQ0001236', 'RFQ0001238', 'RFQ0001236', 'RFQ0001238', 'RFQ0001236',
  'RFQ0001238', 'RFQ0001236', 'RFQ0001238', 'RFQ0001236', 'RFQ0001238',
  'RFQ0001236', 'RFQ0001238', 'RFQ0001236', 'RFQ0001238', 'RFQ0001236',
  'RFQ0001238', 'RFQ0001236', 'RFQ0001238', 'RFQ0001236', 'RFQ0001238',
  'RFQ0001229', 'RFQ0001229', 'RFQ0001250', 'RFQ0001240', 'RFQ0001250',
  'RFQ0001288', 'RFQ0001154', 'RFQ0001155', 'RFQ0001320', 'RFQ0001309',
  ... 16 more items
]
Failed to get vendor under DIC review for RFQ RFQ0000960
Failed to get vendor under DIC review for RFQ RFQ0000960
Failed to get vendor under DIC review for RFQ RFQ0000969
Failed to get vendor under DIC review for RFQ RFQ0000969
Failed to get vendor under DIC review for RFQ RFQ0000969
Failed to get vendor under DIC review for RFQ RFQ0000969
Failed to get vendor under DIC review for RFQ RFQ0000969
Failed to get vendor under DIC review for RFQ RFQ0000969
Failed to get vendor under DIC review for RFQ RFQ0000969
Failed to get vendor under DIC review for RFQ RFQ0000969
Failed to get vendor under DIC review for RFQ RFQ0000969
Failed to get vendor under DIC review for RFQ RFQ0000969
Failed to get vendor under DIC review for RFQ RFQ0000969
Failed to get vendor under DIC review for RFQ RFQ0000969
Failed to get vendor under DIC review for RFQ RFQ0000969
Failed to get vendor under DIC review for RFQ RFQ0000969
Failed to get vendor under DIC review for RFQ RFQ0000969
Failed to get vendor under DIC review for RFQ RFQ0000969
Failed to get vendor under DIC review for RFQ RFQ0001043
Failed to get vendor under DIC review for RFQ RFQ0001043
Failed to get vendor under DIC review for RFQ RFQ0001043
Failed to get vendor under DIC review for RFQ RFQ0001043
Failed to get vendor under DIC review for RFQ RFQ0001043
Failed to get vendor under DIC review for RFQ RFQ0001043
Failed to get vendor under DIC review for RFQ RFQ0001043
Failed to get vendor under DIC review for RFQ RFQ0001043
Failed to get vendor under DIC review for RFQ RFQ0001043
Failed to get vendor under DIC review for RFQ RFQ0001043
Failed to get vendor under DIC review for RFQ RFQ0001043
Failed to get vendor under DIC review for RFQ RFQ0001043
Failed to get vendor under DIC review for RFQ RFQ0001043
Failed to get vendor under DIC review for RFQ RFQ0001043
Failed to get vendor under DIC review for RFQ RFQ0001043
Failed to get vendor under DIC review for RFQ RFQ0001043
Failed to get vendor under DIC review for RFQ RFQ0001043
Failed to get vendor under DIC review for RFQ RFQ0001043
Failed to get vendor under DIC review for RFQ RFQ0001043
Failed to get vendor under DIC review for RFQ RFQ0001043
Failed to get vendor under DIC review for RFQ RFQ0001043
Failed to get vendor under DIC review for RFQ RFQ0001043
Failed to get vendor under DIC review for RFQ RFQ0001043
Failed to get vendor under DIC review for RFQ RFQ0001043
Failed to get vendor under DIC review for RFQ RFQ0001043
Failed to get vendor under DIC review for RFQ RFQ0001043
Failed to get vendor under DIC review for RFQ RFQ0001043
Failed to get vendor under DIC review for RFQ RFQ0001043
Failed to get vendor under DIC review for RFQ RFQ0001043
Failed to get vendor under DIC review for RFQ RFQ0001043
Failed to get vendor under DIC review for RFQ RFQ0001043
Failed to get vendor under DIC review for RFQ RFQ0001043
Failed to get vendor under DIC review for RFQ RFQ0001181
Failed to get vendor under DIC review for RFQ RFQ0001181
Failed to get vendor under DIC review for RFQ RFQ0001181
Failed to get vendor under DIC review for RFQ RFQ0001181
Failed to get vendor under DIC review for RFQ RFQ0001181
Failed to get vendor under DIC review for RFQ RFQ0001181
Failed to get vendor under DIC review for RFQ RFQ0001181
Failed to get vendor under DIC review for RFQ RFQ0001181
Failed to get vendor under DIC review for RFQ RFQ0001181
Failed to get vendor under DIC review for RFQ RFQ0001181
Failed to get vendor under DIC review for RFQ RFQ0001181
Failed to get vendor under DIC review for RFQ RFQ0001181
Failed to get vendor under DIC review for RFQ RFQ0001181
Failed to get vendor under DIC review for RFQ RFQ0001181
Failed to get vendor under DIC review for RFQ RFQ0001181
Failed to get vendor under DIC review for RFQ RFQ0001181
Failed to get vendor under DIC review for RFQ RFQ0001205
Failed to get vendor under DIC review for RFQ RFQ0001229
Failed to get vendor under DIC review for RFQ RFQ0001236
Failed to get vendor under DIC review for RFQ RFQ0001238
Failed to get vendor under DIC review for RFQ RFQ0001236
Failed to get vendor under DIC review for RFQ RFQ0001238
Failed to get vendor under DIC review for RFQ RFQ0001236
Failed to get vendor under DIC review for RFQ RFQ0001238
Failed to get vendor under DIC review for RFQ RFQ0001236
Failed to get vendor under DIC review for RFQ RFQ0001238
Failed to get vendor under DIC review for RFQ RFQ0001236
Failed to get vendor under DIC review for RFQ RFQ0001238
Failed to get vendor under DIC review for RFQ RFQ0001236
Failed to get vendor under DIC review for RFQ RFQ0001238
Failed to get vendor under DIC review for RFQ RFQ0001236
Failed to get vendor under DIC review for RFQ RFQ0001238
Failed to get vendor under DIC review for RFQ RFQ0001236
Failed to get vendor under DIC review for RFQ RFQ0001238
Failed to get vendor under DIC review for RFQ RFQ0001236
Failed to get vendor under DIC review for RFQ RFQ0001238
Failed to get vendor under DIC review for RFQ RFQ0001236
Failed to get vendor under DIC review for RFQ RFQ0001238
Failed to get vendor under DIC review for RFQ RFQ0001236
Failed to get vendor under DIC review for RFQ RFQ0001238
Failed to get vendor under DIC review for RFQ RFQ0001229
Failed to get vendor under DIC review for RFQ RFQ0001229
Failed to get vendor under DIC review for RFQ RFQ0001250
Failed to get vendor under DIC review for RFQ RFQ0001240
Failed to get vendor under DIC review for RFQ RFQ0001250
Failed to get vendor under DIC review for RFQ RFQ0001288
Failed to get vendor under DIC review for RFQ RFQ0001154
Failed to get vendor under DIC review for RFQ RFQ0001155
Failed to get vendor under DIC review for RFQ RFQ0001320
Failed to get vendor under DIC review for RFQ RFQ0001309
Failed to get vendor under DIC review for RFQ RFQ0001311
Failed to get vendor under DIC review for RFQ RFQ0001320
Failed to get vendor under DIC review for RFQ RFQ0001340
Failed to get vendor under DIC review for RFQ RFQ0001328
Failed to get vendor under DIC review for RFQ RFQ0001357
Failed to get vendor under DIC review for RFQ RFQ0001130
Failed to get vendor under DIC review for RFQ RFQ0001216
Failed to get vendor under DIC review for RFQ RFQ0001367
Found 1 reviewed vendor item(s) for RFQ RFQ0001402
masuk kesini untuk requestnya :: {"rfq_tipe":"isourcing","items":[{"id":4127,"item_code":"30","rfq_number":"RFQ0001402","name":"DISINFECTANT;WIPOL;800ML/PAC","location":"KPO SITE","request_quantity":25,"request_price":"35000.00","request_brand":"-","request_warranty":null,"request_unit_item":"PAC","request_sloc":null,"request_delivery_date":"2026-06-04T17:00:00.000Z","tipe_rfq":null,"data":{"deliveryDate":"04 Jun 2026"},"vendors":[{"id":4127,"vendor_code":"106412","deliveryDate":"15 Jun 2026","description":"WIPOL KARBOL CEMARA POUCH 750 ML","price":"34000.00","offer_vendor_brand":"WIPOL","offer_vendor_warranty":null,"offer_vendor_sloc":null,"offer_vendor_address_details":"Harga Franco PT. HUTAN RINDANG BANUA","offer_vendor_specification":null,"offer_vendor_sloc_name":null,"images":[{"filePath":"https://aigen-api.icosystem.id/uploads/images/images-1781330743195-598314708.jpeg"}],"dic_reject_reason_images":[],"status":"WAITING","status_vendor":"Accepted","status_milestone":3,"rejectionReason":"","vendorName":"VERONICA PATTINASARANIJ","vendorCity":"SURABAYA","vendorType":"agregator","deviations":{"quantity":{"request":"25 PAC","offer":"25 PAC","value":0,"has_deviation":false},"price":{"request":35000,"offer":34000,"value":-1000,"formatted":"-Rp1.000","has_deviation":true},"subtotal":{"request":875000,"offer":850000,"value":-25000,"formatted":"-Rp25.000","has_deviation":true},"delivery_date":{"request":"2026-06-04T17:00:00.000Z","request_formatted":"04 Jun 2026","offer":"2026-06-15T00:00:00.000Z","offer_formatted":"15 Jun 2026","days_diff":11,"formatted":"11 days","has_deviation":true},"brand":{"request":"-","offer":"WIPOL","status":"berbeda dengan PR","has_deviation":"-"},"warranty":{"request":0,"offer":0,"request_formatted":"-","offer_formatted":"-","value":0,"formatted":"-","has_deviation":false},"delivery_address":{"request":"-","offer":"-","vendor_sloc_codes":"-","status":"Belum diisi vendor","has_deviation":true},"address_details":{"request":"-","offer":"Harga Franco PT. HUTAN RINDANG BANUA","has_deviation":true}}}]}],"reason":"Auto-converted to iSourcing due to expired DIC action","notes":"Auto-converted to iSourcing due to expired DIC action","is_system_action":true}
Error during bulk RFQ update: TypeError: Cannot destructure property 'rfq_number' of 'req.params' as it is undefined.
    at exports.sendActionToCS (/app/src/controllers/qcfController.js:91:33)
    at process.processTicksAndRejections (node:internal/process/task_queues:95:5)
    at async exports.handleExpiredDICReview (/app/src/services/prService.js:390:17)
    at async runCronTasks (/app/src/cron.js:74:9)
    at async cronJob (/app/src/cron.js:108:5)
Failed to process expired DIC action for RFQ RFQ0001402: Error: Cannot destructure property 'rfq_number' of 'req.params' as it is undefined.
    at ResMocker.json (/app/src/utils/resMocker.js:36:13)
    at sendResponse (/app/src/helper/log.js:44:31)
    at exports.sendActionToCS (/app/src/controllers/qcfController.js:475:16)
    at process.processTicksAndRejections (node:internal/process/task_queues:95:5)
    at async exports.handleExpiredDICReview (/app/src/services/prService.js:390:17)
    at async runCronTasks (/app/src/cron.js:74:9)
    at async cronJob (/app/src/cron.js:108:5)
Found 1 reviewed vendor item(s) for RFQ RFQ0001402
masuk kesini untuk requestnya :: {"rfq_tipe":"isourcing","items":[{"id":4127,"item_code":"30","rfq_number":"RFQ0001402","name":"DISINFECTANT;WIPOL;800ML/PAC","location":"KPO SITE","request_quantity":25,"request_price":"35000.00","request_brand":"-","request_warranty":null,"request_unit_item":"PAC","request_sloc":null,"request_delivery_date":"2026-06-04T17:00:00.000Z","tipe_rfq":null,"data":{"deliveryDate":"04 Jun 2026"},"vendors":[{"id":4127,"vendor_code":"106412","deliveryDate":"15 Jun 2026","description":"WIPOL KARBOL CEMARA POUCH 750 ML","price":"34000.00","offer_vendor_brand":"WIPOL","offer_vendor_warranty":null,"offer_vendor_sloc":null,"offer_vendor_address_details":"Harga Franco PT. HUTAN RINDANG BANUA","offer_vendor_specification":null,"offer_vendor_sloc_name":null,"images":[{"filePath":"https://aigen-api.icosystem.id/uploads/images/images-1781330743195-598314708.jpeg"}],"dic_reject_reason_images":[],"status":"WAITING","status_vendor":"Accepted","status_milestone":3,"rejectionReason":"","vendorName":"VERONICA PATTINASARANIJ","vendorCity":"SURABAYA","vendorType":"agregator","deviations":{"quantity":{"request":"25 PAC","offer":"25 PAC","value":0,"has_deviation":false},"price":{"request":35000,"offer":34000,"value":-1000,"formatted":"-Rp1.000","has_deviation":true},"subtotal":{"request":875000,"offer":850000,"value":-25000,"formatted":"-Rp25.000","has_deviation":true},"delivery_date":{"request":"2026-06-04T17:00:00.000Z","request_formatted":"04 Jun 2026","offer":"2026-06-15T00:00:00.000Z","offer_formatted":"15 Jun 2026","days_diff":11,"formatted":"11 days","has_deviation":true},"brand":{"request":"-","offer":"WIPOL","status":"berbeda dengan PR","has_deviation":"-"},"warranty":{"request":0,"offer":0,"request_formatted":"-","offer_formatted":"-","value":0,"formatted":"-","has_deviation":false},"delivery_address":{"request":"-","offer":"-","vendor_sloc_codes":"-","status":"Belum diisi vendor","has_deviation":true},"address_details":{"request":"-","offer":"Harga Franco PT. HUTAN RINDANG BANUA","has_deviation":true}}}]}],"reason":"Auto-converted to iSourcing due to expired DIC action","notes":"Auto-converted to iSourcing due to expired DIC action","is_system_action":true}
Error during bulk RFQ update: TypeError: Cannot destructure property 'rfq_number' of 'req.params' as it is undefined.
    at exports.sendActionToCS (/app/src/controllers/qcfController.js:91:33)
    at process.processTicksAndRejections (node:internal/process/task_queues:95:5)
    at async exports.handleExpiredDICReview (/app/src/services/prService.js:390:17)
    at async runCronTasks (/app/src/cron.js:74:9)
    at async cronJob (/app/src/cron.js:108:5)
Failed to process expired DIC action for RFQ RFQ0001402: Error: Cannot destructure property 'rfq_number' of 'req.params' as it is undefined.
    at ResMocker.json (/app/src/utils/resMocker.js:36:13)
    at sendResponse (/app/src/helper/log.js:44:31)
    at exports.sendActionToCS (/app/src/controllers/qcfController.js:475:16)
    at process.processTicksAndRejections (node:internal/process/task_queues:95:5)
    at async exports.handleExpiredDICReview (/app/src/services/prService.js:390:17)
    at async runCronTasks (/app/src/cron.js:74:9)
    at async cronJob (/app/src/cron.js:108:5)
Found 1 reviewed vendor item(s) for RFQ RFQ0001402
masuk kesini untuk requestnya :: {"rfq_tipe":"isourcing","items":[{"id":4127,"item_code":"30","rfq_number":"RFQ0001402","name":"DISINFECTANT;WIPOL;800ML/PAC","location":"KPO SITE","request_quantity":25,"request_price":"35000.00","request_brand":"-","request_warranty":null,"request_unit_item":"PAC","request_sloc":null,"request_delivery_date":"2026-06-04T17:00:00.000Z","tipe_rfq":null,"data":{"deliveryDate":"04 Jun 2026"},"vendors":[{"id":4127,"vendor_code":"106412","deliveryDate":"15 Jun 2026","description":"WIPOL KARBOL CEMARA POUCH 750 ML","price":"34000.00","offer_vendor_brand":"WIPOL","offer_vendor_warranty":null,"offer_vendor_sloc":null,"offer_vendor_address_details":"Harga Franco PT. HUTAN RINDANG BANUA","offer_vendor_specification":null,"offer_vendor_sloc_name":null,"images":[{"filePath":"https://aigen-api.icosystem.id/uploads/images/images-1781330743195-598314708.jpeg"}],"dic_reject_reason_images":[],"status":"WAITING","status_vendor":"Accepted","status_milestone":3,"rejectionReason":"","vendorName":"VERONICA PATTINASARANIJ","vendorCity":"SURABAYA","vendorType":"agregator","deviations":{"quantity":{"request":"25 PAC","offer":"25 PAC","value":0,"has_deviation":false},"price":{"request":35000,"offer":34000,"value":-1000,"formatted":"-Rp1.000","has_deviation":true},"subtotal":{"request":875000,"offer":850000,"value":-25000,"formatted":"-Rp25.000","has_deviation":true},"delivery_date":{"request":"2026-06-04T17:00:00.000Z","request_formatted":"04 Jun 2026","offer":"2026-06-15T00:00:00.000Z","offer_formatted":"15 Jun 2026","days_diff":11,"formatted":"11 days","has_deviation":true},"brand":{"request":"-","offer":"WIPOL","status":"berbeda dengan PR","has_deviation":"-"},"warranty":{"request":0,"offer":0,"request_formatted":"-","offer_formatted":"-","value":0,"formatted":"-","has_deviation":false},"delivery_address":{"request":"-","offer":"-","vendor_sloc_codes":"-","status":"Belum diisi vendor","has_deviation":true},"address_details":{"request":"-","offer":"Harga Franco PT. HUTAN RINDANG BANUA","has_deviation":true}}}]}],"reason":"Auto-converted to iSourcing due to expired DIC action","notes":"Auto-converted to iSourcing due to expired DIC action","is_system_action":true}
Error during bulk RFQ update: TypeError: Cannot destructure property 'rfq_number' of 'req.params' as it is undefined.
    at exports.sendActionToCS (/app/src/controllers/qcfController.js:91:33)
    at process.processTicksAndRejections (node:internal/process/task_queues:95:5)
    at async exports.handleExpiredDICReview (/app/src/services/prService.js:390:17)
    at async runCronTasks (/app/src/cron.js:74:9)
    at async cronJob (/app/src/cron.js:108:5)
Failed to process expired DIC action for RFQ RFQ0001402: Error: Cannot destructure property 'rfq_number' of 'req.params' as it is undefined.
    at ResMocker.json (/app/src/utils/resMocker.js:36:13)
    at sendResponse (/app/src/helper/log.js:44:31)
    at exports.sendActionToCS (/app/src/controllers/qcfController.js:475:16)
    at process.processTicksAndRejections (node:internal/process/task_queues:95:5)
    at async exports.handleExpiredDICReview (/app/src/services/prService.js:390:17)
    at async runCronTasks (/app/src/cron.js:74:9)
    at async cronJob (/app/src/cron.js:108:5)
Found 1 reviewed vendor item(s) for RFQ RFQ0001446
masuk kesini untuk requestnya :: {"rfq_tipe":"isourcing","items":[{"id":4163,"item_code":"40","rfq_number":"RFQ0001446","name":"WHEEL;SPLIT TAIL;653.3MM OD","location":"PT Borneo Indobara","request_quantity":1,"request_price":"40000000.00","request_brand":"0","request_warranty":null,"request_unit_item":"PC","request_sloc":null,"request_delivery_date":"2026-06-25T17:00:00.000Z","tipe_rfq":null,"data":{"deliveryDate":"25 Jun 2026"},"vendors":[{"id":4163,"vendor_code":"100763","deliveryDate":null,"description":"Mohon bantu lampirkan spek/gambar agar tidak terjadi perbedaan referensi","price":null,"offer_vendor_brand":null,"offer_vendor_warranty":null,"offer_vendor_sloc":null,"offer_vendor_address_details":null,"offer_vendor_specification":null,"offer_vendor_sloc_name":null,"images":[],"dic_reject_reason_images":[],"status":"WAITING","status_vendor":"Need Confirmation","status_milestone":3,"rejectionReason":"","vendorName":"SARANA PRIMA LESTARI, CV","vendorCity":"BANJARMASIN","vendorType":"direct","deviations":{"quantity":{"request":"1 PC","offer":"1 PC","value":0,"has_deviation":false},"price":{"request":40000000,"offer":40000000,"value":0,"formatted":"-","has_deviation":false},"subtotal":{"request":40000000,"offer":40000000,"value":0,"formatted":"-","has_deviation":false},"delivery_date":{"request":"2026-06-25T17:00:00.000Z","request_formatted":"25 Jun 2026","offer":"2026-06-25T17:00:00.000Z","offer_formatted":"25 Jun 2026","days_diff":0,"formatted":"0 days","has_deviation":false},"brand":{"request":"0","offer":"-","status":"berbeda dengan PR","has_deviation":"0"},"warranty":{"request":0,"offer":0,"request_formatted":"-","offer_formatted":"-","value":0,"formatted":"-","has_deviation":false},"delivery_address":{"request":"-","offer":"-","vendor_sloc_codes":"-","status":"Belum diisi vendor","has_deviation":true},"address_details":{"request":"-","offer":"-","has_deviation":false}}}]}],"reason":"Auto-converted to iSourcing due to expired DIC action","notes":"Auto-converted to iSourcing due to expired DIC action","is_system_action":true}
Error during bulk RFQ update: TypeError: Cannot destructure property 'rfq_number' of 'req.params' as it is undefined.
    at exports.sendActionToCS (/app/src/controllers/qcfController.js:91:33)
    at process.processTicksAndRejections (node:internal/process/task_queues:95:5)
    at async exports.handleExpiredDICReview (/app/src/services/prService.js:390:17)
    at async runCronTasks (/app/src/cron.js:74:9)
    at async cronJob (/app/src/cron.js:108:5)
Failed to process expired DIC action for RFQ RFQ0001446: Error: Cannot destructure property 'rfq_number' of 'req.params' as it is undefined.
    at ResMocker.json (/app/src/utils/resMocker.js:36:13)
    at sendResponse (/app/src/helper/log.js:44:31)
    at exports.sendActionToCS (/app/src/controllers/qcfController.js:475:16)
    at process.processTicksAndRejections (node:internal/process/task_queues:95:5)
    at async exports.handleExpiredDICReview (/app/src/services/prService.js:390:17)
    at async runCronTasks (/app/src/cron.js:74:9)
    at async cronJob (/app/src/cron.js:108:5)
Failed to get vendor under DIC review for RFQ RFQ0001420
Failed to get vendor under DIC review for RFQ RFQ0001421
Failed to get vendor under DIC review for RFQ RFQ0001423
Failed to get vendor under DIC review for RFQ RFQ0001424
Starting cron job for CS review expiration...
Processing expired CS action for RFQ numbers: [
  'RFQ0000110', 'RFQ0000934', 'RFQ0000975',
  'RFQ0001014', 'RFQ0001019', 'RFQ0001026',
  'RFQ0001028', 'RFQ0001074', 'RFQ0001090',
  'RFQ0001085', 'RFQ0001102', 'RFQ0001109',
  'RFQ0001107', 'RFQ0001150', 'RFQ0001309',
  'RFQ0001311', 'RFQ0001311', 'RFQ0001504',
  'RFQ0001519', 'RFQ0001604', 'RFQ0001647',
  'RFQ0001648', 'RFQ0001649', 'RFQ0001654',
  'RFQ0001663', 'RFQ0001711', 'RFQ0001673',
  'RFQ0001668', 'RFQ0001718', 'RFQ0001702',
  'RFQ0001737', 'RFQ0001749', 'RFQ0001733',
  'RFQ0001735', 'RFQ0001734', 'RFQ0001755',
  'RFQ0001760', 'RFQ0001719'
]
Moment Timezone has no data for +07:00. See http://momentjs.com/timezone/docs/#/data-loading/.
Moment Timezone has no data for +07:00. See http://momentjs.com/timezone/docs/#/data-loading/.
Moment Timezone has no data for +07:00. See http://momentjs.com/timezone/docs/#/data-loading/.
Moment Timezone has no data for +07:00. See http://momentjs.com/timezone/docs/#/data-loading/.
Fetching not submitted RFQ items for RFQ RFQ0000110, Vendor Batch 1, Vendor Code undefined. Multi-vendor scenario: false
Moment Timezone has no data for +07:00. See http://momentjs.com/timezone/docs/#/data-loading/.
Moment Timezone has no data for +07:00. See http://momentjs.com/timezone/docs/#/data-loading/.
Moment Timezone has no data for +07:00. See http://momentjs.com/timezone/docs/#/data-loading/.
Failed to get vendor under CS surrogate items for RFQ RFQ0000110
{
  priceNotMatchItems: [ 137 ],
  surrogateItems: [],
  notSubmitItems: [ 137 ],
  declinedItemsVendor: [ 137 ]
}
Found 1 RFQ(s) for expired CS price not match action for RFQ RFQ0000110
masuk kesini untuk requestnya :: {"rfq_tipe":"isourcing","items":[{"id":137,"name":"UNP;IRON STEEL;125X65;6M","request_quantity":15,"request_price":"1108500.00","request_delivery_date":"2025-09-25T17:00:00.000Z","location":"PT. Mutiara Tanjung Lestari","rfq_number":"RFQ0000110","item_code":"1","vendor_code":"102858","offer_vendor_delivery_date":null,"offer_vendor_price":null,"vendor_description":null,"reject_reason":null,"vendor_reject_reason":null,"status_dic":null,"status_milestone":22,"offer_vendor_specification":null,"offer_vendor_brand":null,"offer_vendor_warranty":null,"offer_vendor_sloc":null,"offer_vendor_address_details":null,"uom":"LG","plant_code":"C100","server_groups":"BCG","external_material_group":"9510","vendor_type":"direct","request_brand":"-","request_warranty":0,"request_unit_item":"LG","request_sloc":"BC-Lati","plant_name":"PT. Mutiara Tanjung Lestari","specification_images":null,"dic_reject_reason_images":null,"evidence":null,"offer_vendor_sloc_name":null,"deviations":{"quantity":{"request":"15 LG","offer":"15 LG","value":0,"has_deviation":false},"price":{"request":1108500,"offer":1108500,"value":0,"formatted":"-","has_deviation":false},"subtotal":{"request":16627500,"offer":16627500,"value":0,"formatted":"-","has_deviation":false},"delivery_date":{"request":"2025-09-25T17:00:00.000Z","request_formatted":"25 Sep 2025","offer":"2025-09-25T17:00:00.000Z","offer_formatted":"25 Sep 2025","days_diff":0,"formatted":"0 days","has_deviation":false},"brand":{"request":"-","offer":"-","status":"berbeda dengan PR","has_deviation":"-"},"warranty":{"request":0,"offer":0,"request_formatted":"-","offer_formatted":"-","value":0,"formatted":"-","has_deviation":false},"delivery_address":{"request":"BC-Lati","offer":"-","vendor_sloc_codes":"-","status":"Belum diisi vendor","has_deviation":true},"address_details":{"request":"-","offer":"-","has_deviation":false}}}],"reason":"Auto-converted to iSourcing due to expired CS action","notes":"Auto-converted to iSourcing due to expired CS action","is_system_action":true}
Error during bulk RFQ update: TypeError: Cannot destructure property 'rfq_number' of 'req.params' as it is undefined.
    at exports.sendActionToCS (/app/src/controllers/qcfController.js:91:33)
    at process.processTicksAndRejections (node:internal/process/task_queues:95:5)
    at async exports.handleExpiredCSReview (/app/src/services/prService.js:551:17)
    at async runCronTasks (/app/src/cron.js:80:9)
    at async cronJob (/app/src/cron.js:108:5)
Failed to process expired CS action for RFQ RFQ0000110: Error: Cannot destructure property 'rfq_number' of 'req.params' as it is undefined.
    at ResMocker.json (/app/src/utils/resMocker.js:36:13)
    at sendResponse (/app/src/helper/log.js:44:31)
    at exports.sendActionToCS (/app/src/controllers/qcfController.js:475:16)
    at process.processTicksAndRejections (node:internal/process/task_queues:95:5)
    at async exports.handleExpiredCSReview (/app/src/services/prService.js:551:17)
    at async runCronTasks (/app/src/cron.js:80:9)
    at async cronJob (/app/src/cron.js:108:5)
Failed to get vendor under CS not submitted items for RFQ RFQ0000934
Moment Timezone has no data for +07:00. See http://momentjs.com/timezone/docs/#/data-loading/.
Failed to get vendor under CS price not match items for RFQ RFQ0000934
Fetching not submitted RFQ items for RFQ RFQ0000934, Vendor Batch 4, Vendor Code 101962. Multi-vendor scenario: false
Failed to get vendor under CS not submit items for RFQ RFQ0000934
Moment Timezone has no data for +07:00. See http://momentjs.com/timezone/docs/#/data-loading/.
Failed to get vendor under CS surrogate items for RFQ RFQ0000934
{
  priceNotMatchItems: [],
  surrogateItems: [],
  notSubmitItems: [],
  declinedItemsVendor: []
}
Moment Timezone has no data for +07:00. See http://momentjs.com/timezone/docs/#/data-loading/.
Moment Timezone has no data for +07:00. See http://momentjs.com/timezone/docs/#/data-loading/.
Moment Timezone has no data for +07:00. See http://momentjs.com/timezone/docs/#/data-loading/.
Moment Timezone has no data for +07:00. See http://momentjs.com/timezone/docs/#/data-loading/.
Fetching not submitted RFQ items for RFQ RFQ0000975, Vendor Batch 3, Vendor Code undefined. Multi-vendor scenario: false
Moment Timezone has no data for +07:00. See http://momentjs.com/timezone/docs/#/data-loading/.
Moment Timezone has no data for +07:00. See http://momentjs.com/timezone/docs/#/data-loading/.
Moment Timezone has no data for +07:00. See http://momentjs.com/timezone/docs/#/data-loading/.
Failed to get vendor under CS surrogate items for RFQ RFQ0000975
{
  priceNotMatchItems: [ 2905 ],
  surrogateItems: [],
  notSubmitItems: [ 2905 ],
  declinedItemsVendor: [ 2905 ]
}
Found 1 RFQ(s) for expired CS price not match action for RFQ RFQ0000975
masuk kesini untuk requestnya :: {"rfq_tipe":"isourcing","items":[{"id":2905,"name":"GLOVE,CUT PROT;HEXARMOR RIG LIZARD","request_quantity":12,"request_price":"465000.00","request_delivery_date":"2026-03-02T17:00:00.000Z","location":"PT. Mutiara Tanjung Lestari","rfq_number":"RFQ0000975","item_code":"1","vendor_code":"100238","offer_vendor_delivery_date":"2026-04-10T00:00:00.000Z","offer_vendor_price":"370000.00","vendor_description":"HAND GLOVE HIGH IMPACT RINGERS GLOVE ROUGHNECK ","reject_reason":"Mohon dicarikan brand HEXARMOR RIG LIZARD","vendor_reject_reason":null,"status_dic":3,"status_milestone":22,"offer_vendor_specification":null,"offer_vendor_brand":"ANSELL ROUGNECK","offer_vendor_warranty":1,"offer_vendor_sloc":"5001","offer_vendor_address_details":"Jl. Pemuda No.40, Tanjung Redeb,77311,Berau, Kalimantan Timur,Indonesia","uom":"EA","plant_code":"C100","server_groups":"BCG","external_material_group":"4240","vendor_type":"direct","request_brand":"-","request_warranty":12,"request_unit_item":"EA","request_sloc":"Sp Haul Binungan","plant_name":"PT. Mutiara Tanjung Lestari","specification_images":[{"filePath":"https://aigen-api.icosystem.id/uploads/images/images-1773365973684-352689449.png"}],"dic_reject_reason_images":null,"evidence":null,"offer_vendor_sloc_name":"BC-HO","deviations":{"quantity":{"request":"12 EA","offer":"12 EA","value":0,"has_deviation":false},"price":{"request":465000,"offer":370000,"value":-95000,"formatted":"-Rp95.000","has_deviation":true},"subtotal":{"request":5580000,"offer":4440000,"value":-1140000,"formatted":"-Rp1.140.000","has_deviation":true},"delivery_date":{"request":"2026-03-02T17:00:00.000Z","request_formatted":"02 Mar 2026","offer":"2026-04-10T00:00:00.000Z","offer_formatted":"10 Apr 2026","days_diff":39,"formatted":"39 days","has_deviation":true},"brand":{"request":"-","offer":"ANSELL ROUGNECK","status":"berbeda dengan PR","has_deviation":"-"},"warranty":{"request":12,"offer":1,"request_formatted":"12 bulan","offer_formatted":"1 bulan","value":-11,"formatted":"-11 bulan","has_deviation":true},"delivery_address":{"request":"Sp Haul Binungan","offer":"BC-HO","vendor_sloc_codes":"5001","status":"SLOC berbeda dengan PR","has_deviation":true},"address_details":{"request":"-","offer":"Jl. Pemuda No.40, Tanjung Redeb,77311,Berau, Kalimantan Timur,Indonesia","has_deviation":true}}}],"reason":"Auto-converted to iSourcing due to expired CS action","notes":"Auto-converted to iSourcing due to expired CS action","is_system_action":true}
Error during bulk RFQ update: TypeError: Cannot destructure property 'rfq_number' of 'req.params' as it is undefined.
    at exports.sendActionToCS (/app/src/controllers/qcfController.js:91:33)
    at process.processTicksAndRejections (node:internal/process/task_queues:95:5)
    at async exports.handleExpiredCSReview (/app/src/services/prService.js:551:17)
    at async runCronTasks (/app/src/cron.js:80:9)
    at async cronJob (/app/src/cron.js:108:5)
Failed to process expired CS action for RFQ RFQ0000975: Error: Cannot destructure property 'rfq_number' of 'req.params' as it is undefined.
    at ResMocker.json (/app/src/utils/resMocker.js:36:13)
    at sendResponse (/app/src/helper/log.js:44:31)
    at exports.sendActionToCS (/app/src/controllers/qcfController.js:475:16)
    at process.processTicksAndRejections (node:internal/process/task_queues:95:5)
    at async exports.handleExpiredCSReview (/app/src/services/prService.js:551:17)
    at async runCronTasks (/app/src/cron.js:80:9)
    at async cronJob (/app/src/cron.js:108:5)
Failed to get vendor under CS not submitted items for RFQ RFQ0001014
Failed to get vendor under CS price not match items for RFQ RFQ0001014
Fetching not submitted RFQ items for RFQ RFQ0001014, Vendor Batch 3, Vendor Code 100956. Multi-vendor scenario: false
Failed to get vendor under CS not submit items for RFQ RFQ0001014
Moment Timezone has no data for +07:00. See http://momentjs.com/timezone/docs/#/data-loading/.
Failed to get vendor under CS surrogate items for RFQ RFQ0001014
{
  priceNotMatchItems: [],
  surrogateItems: [],
  notSubmitItems: [],
  declinedItemsVendor: []
}
Failed to get vendor under CS not submitted items for RFQ RFQ0001019
Failed to get vendor under CS price not match items for RFQ RFQ0001019
Fetching not submitted RFQ items for RFQ RFQ0001019, Vendor Batch 3, Vendor Code 100956. Multi-vendor scenario: false
Failed to get vendor under CS not submit items for RFQ RFQ0001019
Moment Timezone has no data for +07:00. See http://momentjs.com/timezone/docs/#/data-loading/.
Failed to get vendor under CS surrogate items for RFQ RFQ0001019
{
  priceNotMatchItems: [],
  surrogateItems: [],
  notSubmitItems: [],
  declinedItemsVendor: []
}
Failed to get vendor under CS not submitted items for RFQ RFQ0001026
Failed to get vendor under CS price not match items for RFQ RFQ0001026
Fetching not submitted RFQ items for RFQ RFQ0001026, Vendor Batch 3, Vendor Code 100956. Multi-vendor scenario: false
Failed to get vendor under CS not submit items for RFQ RFQ0001026
Moment Timezone has no data for +07:00. See http://momentjs.com/timezone/docs/#/data-loading/.
Failed to get vendor under CS surrogate items for RFQ RFQ0001026
{
  priceNotMatchItems: [],
  surrogateItems: [],
  notSubmitItems: [],
  declinedItemsVendor: []
}
Failed to get vendor under CS not submitted items for RFQ RFQ0001028
Failed to get vendor under CS price not match items for RFQ RFQ0001028
Fetching not submitted RFQ items for RFQ RFQ0001028, Vendor Batch 3, Vendor Code 101962. Multi-vendor scenario: false
Failed to get vendor under CS not submit items for RFQ RFQ0001028
Moment Timezone has no data for +07:00. See http://momentjs.com/timezone/docs/#/data-loading/.
Failed to get vendor under CS surrogate items for RFQ RFQ0001028
{
  priceNotMatchItems: [],
  surrogateItems: [],
  notSubmitItems: [],
  declinedItemsVendor: []
}
Failed to get vendor under CS not submitted items for RFQ RFQ0001074
Failed to get vendor under CS price not match items for RFQ RFQ0001074
Fetching not submitted RFQ items for RFQ RFQ0001074, Vendor Batch 3, Vendor Code 102768. Multi-vendor scenario: false
Failed to get vendor under CS not submit items for RFQ RFQ0001074
Moment Timezone has no data for +07:00. See http://momentjs.com/timezone/docs/#/data-loading/.
Failed to get vendor under CS surrogate items for RFQ RFQ0001074
{
  priceNotMatchItems: [],
  surrogateItems: [],
  notSubmitItems: [],
  declinedItemsVendor: []
}
Failed to get vendor under CS not submitted items for RFQ RFQ0001090
Failed to get vendor under CS price not match items for RFQ RFQ0001090
Fetching not submitted RFQ items for RFQ RFQ0001090, Vendor Batch 5, Vendor Code 100238. Multi-vendor scenario: false
Failed to get vendor under CS not submit items for RFQ RFQ0001090
Moment Timezone has no data for +07:00. See http://momentjs.com/timezone/docs/#/data-loading/.
Failed to get vendor under CS surrogate items for RFQ RFQ0001090
{
  priceNotMatchItems: [],
  surrogateItems: [],
  notSubmitItems: [],
  declinedItemsVendor: []
}
Failed to get vendor under CS not submitted items for RFQ RFQ0001085
Failed to get vendor under CS price not match items for RFQ RFQ0001085
Fetching not submitted RFQ items for RFQ RFQ0001085, Vendor Batch 3, Vendor Code 100956. Multi-vendor scenario: false
Failed to get vendor under CS not submit items for RFQ RFQ0001085
Moment Timezone has no data for +07:00. See http://momentjs.com/timezone/docs/#/data-loading/.
Failed to get vendor under CS surrogate items for RFQ RFQ0001085
{
  priceNotMatchItems: [],
  surrogateItems: [],
  notSubmitItems: [],
  declinedItemsVendor: []
}
Failed to get vendor under CS not submitted items for RFQ RFQ0001102
Failed to get vendor under CS price not match items for RFQ RFQ0001102
Fetching not submitted RFQ items for RFQ RFQ0001102, Vendor Batch 3, Vendor Code 100433. Multi-vendor scenario: false
Failed to get vendor under CS not submit items for RFQ RFQ0001102
Moment Timezone has no data for +07:00. See http://momentjs.com/timezone/docs/#/data-loading/.
Failed to get vendor under CS surrogate items for RFQ RFQ0001102
{
  priceNotMatchItems: [],
  surrogateItems: [],
  notSubmitItems: [],
  declinedItemsVendor: []
}
Failed to get vendor under CS not submitted items for RFQ RFQ0001109
Failed to get vendor under CS price not match items for RFQ RFQ0001109
Fetching not submitted RFQ items for RFQ RFQ0001109, Vendor Batch 3, Vendor Code 100329. Multi-vendor scenario: false
Failed to get vendor under CS not submit items for RFQ RFQ0001109
Moment Timezone has no data for +07:00. See http://momentjs.com/timezone/docs/#/data-loading/.
Failed to get vendor under CS surrogate items for RFQ RFQ0001109
{
  priceNotMatchItems: [],
  surrogateItems: [],
  notSubmitItems: [],
  declinedItemsVendor: []
}
Failed to get vendor under CS not submitted items for RFQ RFQ0001107
Failed to get vendor under CS price not match items for RFQ RFQ0001107
Fetching not submitted RFQ items for RFQ RFQ0001107, Vendor Batch 5, Vendor Code 100329. Multi-vendor scenario: false
Failed to get vendor under CS not submit items for RFQ RFQ0001107
Moment Timezone has no data for +07:00. See http://momentjs.com/timezone/docs/#/data-loading/.
Failed to get vendor under CS surrogate items for RFQ RFQ0001107
{
  priceNotMatchItems: [],
  surrogateItems: [],
  notSubmitItems: [],
  declinedItemsVendor: []
}
Failed to get vendor under CS not submitted items for RFQ RFQ0001150
Failed to get vendor under CS price not match items for RFQ RFQ0001150
Fetching not submitted RFQ items for RFQ RFQ0001150, Vendor Batch 3, Vendor Code 100956. Multi-vendor scenario: false
Failed to get vendor under CS not submit items for RFQ RFQ0001150
Moment Timezone has no data for +07:00. See http://momentjs.com/timezone/docs/#/data-loading/.
Failed to get vendor under CS surrogate items for RFQ RFQ0001150
{
  priceNotMatchItems: [],
  surrogateItems: [],
  notSubmitItems: [],
  declinedItemsVendor: []
}
Failed to get vendor under CS not submitted items for RFQ RFQ0001309
Moment Timezone has no data for +07:00. See http://momentjs.com/timezone/docs/#/data-loading/.
Failed to get vendor under CS price not match items for RFQ RFQ0001309
Fetching not submitted RFQ items for RFQ RFQ0001309, Vendor Batch 4, Vendor Code 101962. Multi-vendor scenario: false
Failed to get vendor under CS not submit items for RFQ RFQ0001309
Moment Timezone has no data for +07:00. See http://momentjs.com/timezone/docs/#/data-loading/.
Failed to get vendor under CS surrogate items for RFQ RFQ0001309
{
  priceNotMatchItems: [],
  surrogateItems: [],
  notSubmitItems: [],
  declinedItemsVendor: []
}
Failed to get vendor under CS not submitted items for RFQ RFQ0001311
Moment Timezone has no data for +07:00. See http://momentjs.com/timezone/docs/#/data-loading/.
Failed to get vendor under CS price not match items for RFQ RFQ0001311
Fetching not submitted RFQ items for RFQ RFQ0001311, Vendor Batch 2, Vendor Code 101962. Multi-vendor scenario: false
Failed to get vendor under CS not submit items for RFQ RFQ0001311
Moment Timezone has no data for +07:00. See http://momentjs.com/timezone/docs/#/data-loading/.
Failed to get vendor under CS surrogate items for RFQ RFQ0001311
{
  priceNotMatchItems: [],
  surrogateItems: [],
  notSubmitItems: [],
  declinedItemsVendor: []
}
Failed to get vendor under CS not submitted items for RFQ RFQ0001311
Failed to get vendor under CS price not match items for RFQ RFQ0001311
Fetching not submitted RFQ items for RFQ RFQ0001311, Vendor Batch 4, Vendor Code 101962. Multi-vendor scenario: false
Failed to get vendor under CS not submit items for RFQ RFQ0001311
Moment Timezone has no data for +07:00. See http://momentjs.com/timezone/docs/#/data-loading/.
Failed to get vendor under CS surrogate items for RFQ RFQ0001311
{
  priceNotMatchItems: [],
  surrogateItems: [],
  notSubmitItems: [],
  declinedItemsVendor: []
}
Moment Timezone has no data for +07:00. See http://momentjs.com/timezone/docs/#/data-loading/.
Moment Timezone has no data for +07:00. See http://momentjs.com/timezone/docs/#/data-loading/.
after date
Moment Timezone has no data for +07:00. See http://momentjs.com/timezone/docs/#/data-loading/.
Moment Timezone has no data for +07:00. See http://momentjs.com/timezone/docs/#/data-loading/.
Fetching not submitted RFQ items for RFQ RFQ0001504, Vendor Batch 1, Vendor Code undefined. Multi-vendor scenario: false
after date
Moment Timezone has no data for +07:00. See http://momentjs.com/timezone/docs/#/data-loading/.
Moment Timezone has no data for +07:00. See http://momentjs.com/timezone/docs/#/data-loading/.
Moment Timezone has no data for +07:00. See http://momentjs.com/timezone/docs/#/data-loading/.
Failed to get vendor under CS surrogate items for RFQ RFQ0001504
{
  priceNotMatchItems: [ 4325 ],
  surrogateItems: [],
  notSubmitItems: [ 4325 ],
  declinedItemsVendor: [ 4325 ]
}
Found 1 RFQ(s) for expired CS price not match action for RFQ RFQ0001504
masuk kesini untuk requestnya :: {"rfq_tipe":"isourcing","items":[{"id":4325,"name":"PUMP;CV3C-1;250 PSI;CHECK VALVE 3IN","request_quantity":1,"request_price":"6500000.00","request_delivery_date":"2026-06-03T17:00:00.000Z","location":"PT. Mutiara Tanjung Lestari","rfq_number":"RFQ0001504","item_code":"1","vendor_code":"300022","offer_vendor_delivery_date":null,"offer_vendor_price":null,"vendor_description":null,"reject_reason":null,"vendor_reject_reason":null,"status_dic":null,"status_milestone":5,"offer_vendor_specification":null,"offer_vendor_brand":null,"offer_vendor_warranty":null,"offer_vendor_sloc":null,"offer_vendor_address_details":null,"uom":"PC","plant_code":"C100","server_groups":"BCG","external_material_group":"4320","vendor_type":"agregator","request_brand":"\"-\"","request_warranty":0,"request_unit_item":"PC","request_sloc":null,"plant_name":"PT. Mutiara Tanjung Lestari","specification_images":null,"dic_reject_reason_images":null,"evidence":null,"offer_vendor_sloc_name":null,"deviations":{"quantity":{"request":"1 PC","offer":"1 PC","value":0,"has_deviation":false},"price":{"request":6500000,"offer":6500000,"value":0,"formatted":"-","has_deviation":false},"subtotal":{"request":6500000,"offer":6500000,"value":0,"formatted":"-","has_deviation":false},"delivery_date":{"request":"2026-06-03T17:00:00.000Z","request_formatted":"03 Jun 2026","offer":"2026-06-03T17:00:00.000Z","offer_formatted":"03 Jun 2026","days_diff":0,"formatted":"0 days","has_deviation":false},"brand":{"request":"\"-\"","offer":"-","status":"berbeda dengan PR","has_deviation":"\"-\""},"warranty":{"request":0,"offer":0,"request_formatted":"-","offer_formatted":"-","value":0,"formatted":"-","has_deviation":false},"delivery_address":{"request":"-","offer":"-","vendor_sloc_codes":"-","status":"Belum diisi vendor","has_deviation":true},"address_details":{"request":"-","offer":"-","has_deviation":false}}}],"reason":"Auto-converted to iSourcing due to expired CS action","notes":"Auto-converted to iSourcing due to expired CS action","is_system_action":true}
Error during bulk RFQ update: TypeError: Cannot destructure property 'rfq_number' of 'req.params' as it is undefined.
    at exports.sendActionToCS (/app/src/controllers/qcfController.js:91:33)
    at process.processTicksAndRejections (node:internal/process/task_queues:95:5)
    at async exports.handleExpiredCSReview (/app/src/services/prService.js:551:17)
    at async runCronTasks (/app/src/cron.js:80:9)
    at async cronJob (/app/src/cron.js:108:5)
Failed to process expired CS action for RFQ RFQ0001504: Error: Cannot destructure property 'rfq_number' of 'req.params' as it is undefined.
    at ResMocker.json (/app/src/utils/resMocker.js:36:13)
    at sendResponse (/app/src/helper/log.js:44:31)
    at exports.sendActionToCS (/app/src/controllers/qcfController.js:475:16)
    at process.processTicksAndRejections (node:internal/process/task_queues:95:5)
    at async exports.handleExpiredCSReview (/app/src/services/prService.js:551:17)
    at async runCronTasks (/app/src/cron.js:80:9)
    at async cronJob (/app/src/cron.js:108:5)
Moment Timezone has no data for +07:00. See http://momentjs.com/timezone/docs/#/data-loading/.
Moment Timezone has no data for +07:00. See http://momentjs.com/timezone/docs/#/data-loading/.
after date
Moment Timezone has no data for +07:00. See http://momentjs.com/timezone/docs/#/data-loading/.
Moment Timezone has no data for +07:00. See http://momentjs.com/timezone/docs/#/data-loading/.
Fetching not submitted RFQ items for RFQ RFQ0001519, Vendor Batch 1, Vendor Code undefined. Multi-vendor scenario: false
after date
Moment Timezone has no data for +07:00. See http://momentjs.com/timezone/docs/#/data-loading/.
Moment Timezone has no data for +07:00. See http://momentjs.com/timezone/docs/#/data-loading/.
Moment Timezone has no data for +07:00. See http://momentjs.com/timezone/docs/#/data-loading/.
Failed to get vendor under CS surrogate items for RFQ RFQ0001519
{
  priceNotMatchItems: [ 4372 ],
  surrogateItems: [],
  notSubmitItems: [ 4372 ],
  declinedItemsVendor: [ 4372 ]
}
Found 1 RFQ(s) for expired CS price not match action for RFQ RFQ0001519
masuk kesini untuk requestnya :: {"rfq_tipe":"isourcing","items":[{"id":4372,"name":"SPRAY GUN,PAINT;MEIJI F-75;400ML","request_quantity":1,"request_price":"383000.00","request_delivery_date":"2026-06-29T17:00:00.000Z","location":"PT. Mutiara Tanjung Lestari","rfq_number":"RFQ0001519","item_code":"15","vendor_code":"300022","offer_vendor_delivery_date":null,"offer_vendor_price":null,"vendor_description":null,"reject_reason":null,"vendor_reject_reason":null,"status_dic":null,"status_milestone":5,"offer_vendor_specification":null,"offer_vendor_brand":null,"offer_vendor_warranty":null,"offer_vendor_sloc":null,"offer_vendor_address_details":null,"uom":"PC","plant_code":"C100","server_groups":"BCG","external_material_group":"4940","vendor_type":"agregator","request_brand":"Meiji","request_warranty":3,"request_unit_item":"PC","request_sloc":"Sp Haul Binungan","plant_name":"PT. Mutiara Tanjung Lestari","specification_images":null,"dic_reject_reason_images":null,"evidence":null,"offer_vendor_sloc_name":null,"deviations":{"quantity":{"request":"1 PC","offer":"1 PC","value":0,"has_deviation":false},"price":{"request":383000,"offer":383000,"value":0,"formatted":"-","has_deviation":false},"subtotal":{"request":383000,"offer":383000,"value":0,"formatted":"-","has_deviation":false},"delivery_date":{"request":"2026-06-29T17:00:00.000Z","request_formatted":"29 Jun 2026","offer":"2026-06-29T17:00:00.000Z","offer_formatted":"29 Jun 2026","days_diff":0,"formatted":"0 days","has_deviation":false},"brand":{"request":"Meiji","offer":"-","status":"berbeda dengan PR","has_deviation":"Meiji"},"warranty":{"request":3,"offer":3,"request_formatted":"3 bulan","offer_formatted":"3 bulan","value":0,"formatted":"-","has_deviation":false},"delivery_address":{"request":"Sp Haul Binungan","offer":"-","vendor_sloc_codes":"-","status":"Belum diisi vendor","has_deviation":true},"address_details":{"request":"-","offer":"-","has_deviation":false}}}],"reason":"Auto-converted to iSourcing due to expired CS action","notes":"Auto-converted to iSourcing due to expired CS action","is_system_action":true}
Error during bulk RFQ update: TypeError: Cannot destructure property 'rfq_number' of 'req.params' as it is undefined.
    at exports.sendActionToCS (/app/src/controllers/qcfController.js:91:33)
    at process.processTicksAndRejections (node:internal/process/task_queues:95:5)
    at async exports.handleExpiredCSReview (/app/src/services/prService.js:551:17)
    at async runCronTasks (/app/src/cron.js:80:9)
    at async cronJob (/app/src/cron.js:108:5)
Failed to process expired CS action for RFQ RFQ0001519: Error: Cannot destructure property 'rfq_number' of 'req.params' as it is undefined.
    at ResMocker.json (/app/src/utils/resMocker.js:36:13)
    at sendResponse (/app/src/helper/log.js:44:31)
    at exports.sendActionToCS (/app/src/controllers/qcfController.js:475:16)
    at process.processTicksAndRejections (node:internal/process/task_queues:95:5)
    at async exports.handleExpiredCSReview (/app/src/services/prService.js:551:17)
    at async runCronTasks (/app/src/cron.js:80:9)
    at async cronJob (/app/src/cron.js:108:5)
Moment Timezone has no data for +07:00. See http://momentjs.com/timezone/docs/#/data-loading/.
Moment Timezone has no data for +07:00. See http://momentjs.com/timezone/docs/#/data-loading/.
Moment Timezone has no data for +07:00. See http://momentjs.com/timezone/docs/#/data-loading/.
Moment Timezone has no data for +07:00. See http://momentjs.com/timezone/docs/#/data-loading/.
Fetching not submitted RFQ items for RFQ RFQ0001604, Vendor Batch 1, Vendor Code undefined. Multi-vendor scenario: false
Moment Timezone has no data for +07:00. See http://momentjs.com/timezone/docs/#/data-loading/.
Moment Timezone has no data for +07:00. See http://momentjs.com/timezone/docs/#/data-loading/.
Moment Timezone has no data for +07:00. See http://momentjs.com/timezone/docs/#/data-loading/.
Failed to get vendor under CS surrogate items for RFQ RFQ0001604
{
  priceNotMatchItems: [ 4537 ],
  surrogateItems: [],
  notSubmitItems: [ 4537 ],
  declinedItemsVendor: [ 4537 ]
}
Found 1 RFQ(s) for expired CS price not match action for RFQ RFQ0001604
masuk kesini untuk requestnya :: {"rfq_tipe":"isourcing","items":[{"id":4537,"name":"LANYARD,ID CARD","request_quantity":273,"request_price":"22000.00","request_delivery_date":"2026-06-22T17:00:00.000Z","location":"PT. Mutiara Tanjung Lestari","rfq_number":"RFQ0001604","item_code":"1","vendor_code":"100433","offer_vendor_delivery_date":null,"offer_vendor_price":null,"vendor_description":null,"reject_reason":null,"vendor_reject_reason":null,"status_dic":null,"status_milestone":22,"offer_vendor_specification":null,"offer_vendor_brand":null,"offer_vendor_warranty":null,"offer_vendor_sloc":null,"offer_vendor_address_details":null,"uom":"PC","plant_code":"C100","server_groups":"BCG","external_material_group":"7510","vendor_type":"direct","request_brand":"-","request_warranty":3,"request_unit_item":"PC","request_sloc":"Sp Haul Binungan","plant_name":"PT. Mutiara Tanjung Lestari","specification_images":null,"dic_reject_reason_images":null,"evidence":null,"offer_vendor_sloc_name":null,"deviations":{"quantity":{"request":"273 PC","offer":"273 PC","value":0,"has_deviation":false},"price":{"request":22000,"offer":22000,"value":0,"formatted":"-","has_deviation":false},"subtotal":{"request":6006000,"offer":6006000,"value":0,"formatted":"-","has_deviation":false},"delivery_date":{"request":"2026-06-22T17:00:00.000Z","request_formatted":"22 Jun 2026","offer":"2026-06-22T17:00:00.000Z","offer_formatted":"22 Jun 2026","days_diff":0,"formatted":"0 days","has_deviation":false},"brand":{"request":"-","offer":"-","status":"berbeda dengan PR","has_deviation":"-"},"warranty":{"request":3,"offer":3,"request_formatted":"3 bulan","offer_formatted":"3 bulan","value":0,"formatted":"-","has_deviation":false},"delivery_address":{"request":"Sp Haul Binungan","offer":"-","vendor_sloc_codes":"-","status":"Belum diisi vendor","has_deviation":true},"address_details":{"request":"-","offer":"-","has_deviation":false}}}],"reason":"Auto-converted to iSourcing due to expired CS action","notes":"Auto-converted to iSourcing due to expired CS action","is_system_action":true}
Error during bulk RFQ update: TypeError: Cannot destructure property 'rfq_number' of 'req.params' as it is undefined.
    at exports.sendActionToCS (/app/src/controllers/qcfController.js:91:33)
    at process.processTicksAndRejections (node:internal/process/task_queues:95:5)
    at async exports.handleExpiredCSReview (/app/src/services/prService.js:551:17)
    at async runCronTasks (/app/src/cron.js:80:9)
    at async cronJob (/app/src/cron.js:108:5)
Failed to process expired CS action for RFQ RFQ0001604: Error: Cannot destructure property 'rfq_number' of 'req.params' as it is undefined.
    at ResMocker.json (/app/src/utils/resMocker.js:36:13)
    at sendResponse (/app/src/helper/log.js:44:31)
    at exports.sendActionToCS (/app/src/controllers/qcfController.js:475:16)
    at process.processTicksAndRejections (node:internal/process/task_queues:95:5)
    at async exports.handleExpiredCSReview (/app/src/services/prService.js:551:17)
    at async runCronTasks (/app/src/cron.js:80:9)
    at async cronJob (/app/src/cron.js:108:5)
Moment Timezone has no data for +07:00. See http://momentjs.com/timezone/docs/#/data-loading/.
Moment Timezone has no data for +07:00. See http://momentjs.com/timezone/docs/#/data-loading/.
after date
Moment Timezone has no data for +07:00. See http://momentjs.com/timezone/docs/#/data-loading/.
Moment Timezone has no data for +07:00. See http://momentjs.com/timezone/docs/#/data-loading/.
Fetching not submitted RFQ items for RFQ RFQ0001647, Vendor Batch 1, Vendor Code undefined. Multi-vendor scenario: false
Moment Timezone has no data for +07:00. See http://momentjs.com/timezone/docs/#/data-loading/.
after date
Moment Timezone has no data for +07:00. See http://momentjs.com/timezone/docs/#/data-loading/.
Moment Timezone has no data for +07:00. See http://momentjs.com/timezone/docs/#/data-loading/.
Failed to get vendor under CS surrogate items for RFQ RFQ0001647
{
  priceNotMatchItems: [ 4673, 4674 ],
  surrogateItems: [],
  notSubmitItems: [ 4673, 4674 ],
  declinedItemsVendor: [ 4673, 4674 ]
}
Found 2 RFQ(s) for expired CS price not match action for RFQ RFQ0001647
masuk kesini untuk requestnya :: {"rfq_tipe":"isourcing","items":[{"id":4673,"name":"BRAKE LINING;4605A930A1;FR","request_quantity":1,"request_price":"950000.00","request_delivery_date":"2026-06-23T17:00:00.000Z","location":"PT. Mutiara Tanjung Lestari","rfq_number":"RFQ0001647","item_code":"10","vendor_code":"300022","offer_vendor_delivery_date":null,"offer_vendor_price":null,"vendor_description":null,"reject_reason":"Part ini merupakan Tambahan PO 4200025628 pekerjaan rekondisi LV007","vendor_reject_reason":null,"status_dic":null,"status_milestone":5,"offer_vendor_specification":null,"offer_vendor_brand":"-","offer_vendor_warranty":0,"offer_vendor_sloc":"3001","offer_vendor_address_details":"","uom":"PC","plant_code":"C100","server_groups":"BCG","external_material_group":"2530","vendor_type":"agregator","request_brand":"-","request_warranty":12,"request_unit_item":"PC","request_sloc":"Sp Haul Binungan","plant_name":"PT. Mutiara Tanjung Lestari","specification_images":null,"dic_reject_reason_images":null,"evidence":null,"offer_vendor_sloc_name":"Sp Haul Binungan","deviations":{"quantity":{"request":"1 PC","offer":"1 PC","value":0,"has_deviation":false},"price":{"request":950000,"offer":950000,"value":0,"formatted":"-","has_deviation":false},"subtotal":{"request":950000,"offer":950000,"value":0,"formatted":"-","has_deviation":false},"delivery_date":{"request":"2026-06-23T17:00:00.000Z","request_formatted":"23 Jun 2026","offer":"2026-06-23T17:00:00.000Z","offer_formatted":"23 Jun 2026","days_diff":0,"formatted":"0 days","has_deviation":false},"brand":{"request":"-","offer":"-","status":"sama dengan PR","has_deviation":false},"warranty":{"request":12,"offer":12,"request_formatted":"12 bulan","offer_formatted":"12 bulan","value":0,"formatted":"-","has_deviation":false},"delivery_address":{"request":"Sp Haul Binungan","offer":"Sp Haul Binungan","vendor_sloc_codes":"3001","status":"SLOC berbeda dengan PR","has_deviation":true},"address_details":{"request":"-","offer":"-","has_deviation":false}}},{"id":4674,"name":"BRAKE LINING;4600A106A1;RR","request_quantity":1,"request_price":"950000.00","request_delivery_date":"2026-06-23T17:00:00.000Z","location":"PT. Mutiara Tanjung Lestari","rfq_number":"RFQ0001647","item_code":"11","vendor_code":"300022","offer_vendor_delivery_date":null,"offer_vendor_price":null,"vendor_description":null,"reject_reason":"Part ini merupakan Tambahan PO 4200025628 pekerjaan rekondisi LV007","vendor_reject_reason":null,"status_dic":null,"status_milestone":5,"offer_vendor_specification":null,"offer_vendor_brand":"-","offer_vendor_warranty":0,"offer_vendor_sloc":"3001","offer_vendor_address_details":"","uom":"PC","plant_code":"C100","server_groups":"BCG","external_material_group":"2530","vendor_type":"agregator","request_brand":"-","request_warranty":12,"request_unit_item":"PC","request_sloc":"Sp Haul Binungan","plant_name":"PT. Mutiara Tanjung Lestari","specification_images":null,"dic_reject_reason_images":null,"evidence":null,"offer_vendor_sloc_name":"Sp Haul Binungan","deviations":{"quantity":{"request":"1 PC","offer":"1 PC","value":0,"has_deviation":false},"price":{"request":950000,"offer":950000,"value":0,"formatted":"-","has_deviation":false},"subtotal":{"request":950000,"offer":950000,"value":0,"formatted":"-","has_deviation":false},"delivery_date":{"request":"2026-06-23T17:00:00.000Z","request_formatted":"23 Jun 2026","offer":"2026-06-23T17:00:00.000Z","offer_formatted":"23 Jun 2026","days_diff":0,"formatted":"0 days","has_deviation":false},"brand":{"request":"-","offer":"-","status":"sama dengan PR","has_deviation":false},"warranty":{"request":12,"offer":12,"request_formatted":"12 bulan","offer_formatted":"12 bulan","value":0,"formatted":"-","has_deviation":false},"delivery_address":{"request":"Sp Haul Binungan","offer":"Sp Haul Binungan","vendor_sloc_codes":"3001","status":"SLOC berbeda dengan PR","has_deviation":true},"address_details":{"request":"-","offer":"-","has_deviation":false}}}],"reason":"Auto-converted to iSourcing due to expired CS action","notes":"Auto-converted to iSourcing due to expired CS action","is_system_action":true}
Error during bulk RFQ update: TypeError: Cannot destructure property 'rfq_number' of 'req.params' as it is undefined.
    at exports.sendActionToCS (/app/src/controllers/qcfController.js:91:33)
    at process.processTicksAndRejections (node:internal/process/task_queues:95:5)
    at async exports.handleExpiredCSReview (/app/src/services/prService.js:551:17)
    at async runCronTasks (/app/src/cron.js:80:9)
    at async cronJob (/app/src/cron.js:108:5)
Failed to process expired CS action for RFQ RFQ0001647: Error: Cannot destructure property 'rfq_number' of 'req.params' as it is undefined.
    at ResMocker.json (/app/src/utils/resMocker.js:36:13)
    at sendResponse (/app/src/helper/log.js:44:31)
    at exports.sendActionToCS (/app/src/controllers/qcfController.js:475:16)
    at process.processTicksAndRejections (node:internal/process/task_queues:95:5)
    at async exports.handleExpiredCSReview (/app/src/services/prService.js:551:17)
    at async runCronTasks (/app/src/cron.js:80:9)
    at async cronJob (/app/src/cron.js:108:5)
Moment Timezone has no data for +07:00. See http://momentjs.com/timezone/docs/#/data-loading/.
Moment Timezone has no data for +07:00. See http://momentjs.com/timezone/docs/#/data-loading/.
after date
Moment Timezone has no data for +07:00. See http://momentjs.com/timezone/docs/#/data-loading/.
Moment Timezone has no data for +07:00. See http://momentjs.com/timezone/docs/#/data-loading/.
Fetching not submitted RFQ items for RFQ RFQ0001648, Vendor Batch 1, Vendor Code undefined. Multi-vendor scenario: false
after date
Moment Timezone has no data for +07:00. See http://momentjs.com/timezone/docs/#/data-loading/.
Moment Timezone has no data for +07:00. See http://momentjs.com/timezone/docs/#/data-loading/.
Moment Timezone has no data for +07:00. See http://momentjs.com/timezone/docs/#/data-loading/.
Failed to get vendor under CS surrogate items for RFQ RFQ0001648
{
  priceNotMatchItems: [ 4675, 4676 ],
  surrogateItems: [],
  notSubmitItems: [ 4675, 4676 ],
  declinedItemsVendor: [ 4675, 4676 ]
}
Found 2 RFQ(s) for expired CS price not match action for RFQ RFQ0001648
masuk kesini untuk requestnya :: {"rfq_tipe":"isourcing","items":[{"id":4675,"name":"SHAFT,DRIVE;3815A584;RH","request_quantity":1,"request_price":"5230000.00","request_delivery_date":"2026-06-23T17:00:00.000Z","location":"PT. Mutiara Tanjung Lestari","rfq_number":"RFQ0001648","item_code":"2","vendor_code":"300022","offer_vendor_delivery_date":null,"offer_vendor_price":null,"vendor_description":null,"reject_reason":null,"vendor_reject_reason":null,"status_dic":null,"status_milestone":5,"offer_vendor_specification":null,"offer_vendor_brand":null,"offer_vendor_warranty":null,"offer_vendor_sloc":null,"offer_vendor_address_details":null,"uom":"PC","plant_code":"C100","server_groups":"BCG","external_material_group":"3040","vendor_type":"agregator","request_brand":"-","request_warranty":12,"request_unit_item":"PC","request_sloc":"Sp Haul Binungan","plant_name":"PT. Mutiara Tanjung Lestari","specification_images":null,"dic_reject_reason_images":null,"evidence":null,"offer_vendor_sloc_name":null,"deviations":{"quantity":{"request":"1 PC","offer":"1 PC","value":0,"has_deviation":false},"price":{"request":5230000,"offer":5230000,"value":0,"formatted":"-","has_deviation":false},"subtotal":{"request":5230000,"offer":5230000,"value":0,"formatted":"-","has_deviation":false},"delivery_date":{"request":"2026-06-23T17:00:00.000Z","request_formatted":"23 Jun 2026","offer":"2026-06-23T17:00:00.000Z","offer_formatted":"23 Jun 2026","days_diff":0,"formatted":"0 days","has_deviation":false},"brand":{"request":"-","offer":"-","status":"berbeda dengan PR","has_deviation":"-"},"warranty":{"request":12,"offer":12,"request_formatted":"12 bulan","offer_formatted":"12 bulan","value":0,"formatted":"-","has_deviation":false},"delivery_address":{"request":"Sp Haul Binungan","offer":"-","vendor_sloc_codes":"-","status":"Belum diisi vendor","has_deviation":true},"address_details":{"request":"-","offer":"-","has_deviation":false}}},{"id":4676,"name":"SHAFT,DRIVE;3815A583;LH","request_quantity":1,"request_price":"4575000.00","request_delivery_date":"2026-06-23T17:00:00.000Z","location":"PT. Mutiara Tanjung Lestari","rfq_number":"RFQ0001648","item_code":"3","vendor_code":"300022","offer_vendor_delivery_date":null,"offer_vendor_price":null,"vendor_description":null,"reject_reason":null,"vendor_reject_reason":null,"status_dic":null,"status_milestone":5,"offer_vendor_specification":null,"offer_vendor_brand":null,"offer_vendor_warranty":null,"offer_vendor_sloc":null,"offer_vendor_address_details":null,"uom":"PC","plant_code":"C100","server_groups":"BCG","external_material_group":"3040","vendor_type":"agregator","request_brand":"-","request_warranty":12,"request_unit_item":"PC","request_sloc":"Sp Haul Binungan","plant_name":"PT. Mutiara Tanjung Lestari","specification_images":null,"dic_reject_reason_images":null,"evidence":null,"offer_vendor_sloc_name":null,"deviations":{"quantity":{"request":"1 PC","offer":"1 PC","value":0,"has_deviation":false},"price":{"request":4575000,"offer":4575000,"value":0,"formatted":"-","has_deviation":false},"subtotal":{"request":4575000,"offer":4575000,"value":0,"formatted":"-","has_deviation":false},"delivery_date":{"request":"2026-06-23T17:00:00.000Z","request_formatted":"23 Jun 2026","offer":"2026-06-23T17:00:00.000Z","offer_formatted":"23 Jun 2026","days_diff":0,"formatted":"0 days","has_deviation":false},"brand":{"request":"-","offer":"-","status":"berbeda dengan PR","has_deviation":"-"},"warranty":{"request":12,"offer":12,"request_formatted":"12 bulan","offer_formatted":"12 bulan","value":0,"formatted":"-","has_deviation":false},"delivery_address":{"request":"Sp Haul Binungan","offer":"-","vendor_sloc_codes":"-","status":"Belum diisi vendor","has_deviation":true},"address_details":{"request":"-","offer":"-","has_deviation":false}}}],"reason":"Auto-converted to iSourcing due to expired CS action","notes":"Auto-converted to iSourcing due to expired CS action","is_system_action":true}
Error during bulk RFQ update: TypeError: Cannot destructure property 'rfq_number' of 'req.params' as it is undefined.
    at exports.sendActionToCS (/app/src/controllers/qcfController.js:91:33)
    at process.processTicksAndRejections (node:internal/process/task_queues:95:5)
    at async exports.handleExpiredCSReview (/app/src/services/prService.js:551:17)
    at async runCronTasks (/app/src/cron.js:80:9)
    at async cronJob (/app/src/cron.js:108:5)
Failed to process expired CS action for RFQ RFQ0001648: Error: Cannot destructure property 'rfq_number' of 'req.params' as it is undefined.
    at ResMocker.json (/app/src/utils/resMocker.js:36:13)
    at sendResponse (/app/src/helper/log.js:44:31)
    at exports.sendActionToCS (/app/src/controllers/qcfController.js:475:16)
    at process.processTicksAndRejections (node:internal/process/task_queues:95:5)
    at async exports.handleExpiredCSReview (/app/src/services/prService.js:551:17)
    at async runCronTasks (/app/src/cron.js:80:9)
    at async cronJob (/app/src/cron.js:108:5)
Moment Timezone has no data for +07:00. See http://momentjs.com/timezone/docs/#/data-loading/.
Moment Timezone has no data for +07:00. See http://momentjs.com/timezone/docs/#/data-loading/.
after date
Moment Timezone has no data for +07:00. See http://momentjs.com/timezone/docs/#/data-loading/.
Moment Timezone has no data for +07:00. See http://momentjs.com/timezone/docs/#/data-loading/.
Fetching not submitted RFQ items for RFQ RFQ0001649, Vendor Batch 1, Vendor Code undefined. Multi-vendor scenario: false
after date
Moment Timezone has no data for +07:00. See http://momentjs.com/timezone/docs/#/data-loading/.
Moment Timezone has no data for +07:00. See http://momentjs.com/timezone/docs/#/data-loading/.
Moment Timezone has no data for +07:00. See http://momentjs.com/timezone/docs/#/data-loading/.
Failed to get vendor under CS surrogate items for RFQ RFQ0001649
{
  priceNotMatchItems: [ 4649, 4650 ],
  surrogateItems: [],
  notSubmitItems: [ 4649, 4650 ],
  declinedItemsVendor: [ 4649, 4650 ]
}
Found 2 RFQ(s) for expired CS price not match action for RFQ RFQ0001649
masuk kesini untuk requestnya :: {"rfq_tipe":"isourcing","items":[{"id":4649,"name":"TIE ROD END;4422A097;RH","request_quantity":1,"request_price":"366000.00","request_delivery_date":"2026-06-23T17:00:00.000Z","location":"PT. Mutiara Tanjung Lestari","rfq_number":"RFQ0001649","item_code":"4","vendor_code":"300022","offer_vendor_delivery_date":null,"offer_vendor_price":null,"vendor_description":null,"reject_reason":null,"vendor_reject_reason":null,"status_dic":null,"status_milestone":5,"offer_vendor_specification":null,"offer_vendor_brand":null,"offer_vendor_warranty":null,"offer_vendor_sloc":null,"offer_vendor_address_details":null,"uom":"PC","plant_code":"C100","server_groups":"BCG","external_material_group":"5340","vendor_type":"agregator","request_brand":"-","request_warranty":12,"request_unit_item":"PC","request_sloc":"Sp Haul Binungan","plant_name":"PT. Mutiara Tanjung Lestari","specification_images":null,"dic_reject_reason_images":null,"evidence":null,"offer_vendor_sloc_name":null,"deviations":{"quantity":{"request":"1 PC","offer":"1 PC","value":0,"has_deviation":false},"price":{"request":366000,"offer":366000,"value":0,"formatted":"-","has_deviation":false},"subtotal":{"request":366000,"offer":366000,"value":0,"formatted":"-","has_deviation":false},"delivery_date":{"request":"2026-06-23T17:00:00.000Z","request_formatted":"23 Jun 2026","offer":"2026-06-23T17:00:00.000Z","offer_formatted":"23 Jun 2026","days_diff":0,"formatted":"0 days","has_deviation":false},"brand":{"request":"-","offer":"-","status":"berbeda dengan PR","has_deviation":"-"},"warranty":{"request":12,"offer":12,"request_formatted":"12 bulan","offer_formatted":"12 bulan","value":0,"formatted":"-","has_deviation":false},"delivery_address":{"request":"Sp Haul Binungan","offer":"-","vendor_sloc_codes":"-","status":"Belum diisi vendor","has_deviation":true},"address_details":{"request":"-","offer":"-","has_deviation":false}}},{"id":4650,"name":"TIE ROD END;4422A096;LH","request_quantity":1,"request_price":"366000.00","request_delivery_date":"2026-06-23T17:00:00.000Z","location":"PT. Mutiara Tanjung Lestari","rfq_number":"RFQ0001649","item_code":"5","vendor_code":"300022","offer_vendor_delivery_date":null,"offer_vendor_price":null,"vendor_description":null,"reject_reason":null,"vendor_reject_reason":null,"status_dic":null,"status_milestone":5,"offer_vendor_specification":null,"offer_vendor_brand":null,"offer_vendor_warranty":null,"offer_vendor_sloc":null,"offer_vendor_address_details":null,"uom":"PC","plant_code":"C100","server_groups":"BCG","external_material_group":"5340","vendor_type":"agregator","request_brand":"-","request_warranty":12,"request_unit_item":"PC","request_sloc":"Sp Haul Binungan","plant_name":"PT. Mutiara Tanjung Lestari","specification_images":null,"dic_reject_reason_images":null,"evidence":null,"offer_vendor_sloc_name":null,"deviations":{"quantity":{"request":"1 PC","offer":"1 PC","value":0,"has_deviation":false},"price":{"request":366000,"offer":366000,"value":0,"formatted":"-","has_deviation":false},"subtotal":{"request":366000,"offer":366000,"value":0,"formatted":"-","has_deviation":false},"delivery_date":{"request":"2026-06-23T17:00:00.000Z","request_formatted":"23 Jun 2026","offer":"2026-06-23T17:00:00.000Z","offer_formatted":"23 Jun 2026","days_diff":0,"formatted":"0 days","has_deviation":false},"brand":{"request":"-","offer":"-","status":"berbeda dengan PR","has_deviation":"-"},"warranty":{"request":12,"offer":12,"request_formatted":"12 bulan","offer_formatted":"12 bulan","value":0,"formatted":"-","has_deviation":false},"delivery_address":{"request":"Sp Haul Binungan","offer":"-","vendor_sloc_codes":"-","status":"Belum diisi vendor","has_deviation":true},"address_details":{"request":"-","offer":"-","has_deviation":false}}}],"reason":"Auto-converted to iSourcing due to expired CS action","notes":"Auto-converted to iSourcing due to expired CS action","is_system_action":true}
Error during bulk RFQ update: TypeError: Cannot destructure property 'rfq_number' of 'req.params' as it is undefined.
    at exports.sendActionToCS (/app/src/controllers/qcfController.js:91:33)
    at process.processTicksAndRejections (node:internal/process/task_queues:95:5)
    at async exports.handleExpiredCSReview (/app/src/services/prService.js:551:17)
    at async runCronTasks (/app/src/cron.js:80:9)
    at async cronJob (/app/src/cron.js:108:5)
Failed to process expired CS action for RFQ RFQ0001649: Error: Cannot destructure property 'rfq_number' of 'req.params' as it is undefined.
    at ResMocker.json (/app/src/utils/resMocker.js:36:13)
    at sendResponse (/app/src/helper/log.js:44:31)
    at exports.sendActionToCS (/app/src/controllers/qcfController.js:475:16)
    at process.processTicksAndRejections (node:internal/process/task_queues:95:5)
    at async exports.handleExpiredCSReview (/app/src/services/prService.js:551:17)
    at async runCronTasks (/app/src/cron.js:80:9)
    at async cronJob (/app/src/cron.js:108:5)
Moment Timezone has no data for +07:00. See http://momentjs.com/timezone/docs/#/data-loading/.
Moment Timezone has no data for +07:00. See http://momentjs.com/timezone/docs/#/data-loading/.
after date
Moment Timezone has no data for +07:00. See http://momentjs.com/timezone/docs/#/data-loading/.
Moment Timezone has no data for +07:00. See http://momentjs.com/timezone/docs/#/data-loading/.
Fetching not submitted RFQ items for RFQ RFQ0001654, Vendor Batch 1, Vendor Code undefined. Multi-vendor scenario: false
after date
Moment Timezone has no data for +07:00. See http://momentjs.com/timezone/docs/#/data-loading/.
Moment Timezone has no data for +07:00. See http://momentjs.com/timezone/docs/#/data-loading/.
Moment Timezone has no data for +07:00. See http://momentjs.com/timezone/docs/#/data-loading/.
Failed to get vendor under CS surrogate items for RFQ RFQ0001654
{
  priceNotMatchItems: [ 4648 ],
  surrogateItems: [],
  notSubmitItems: [ 4648 ],
  declinedItemsVendor: [ 4648 ]
}
Found 1 RFQ(s) for expired CS price not match action for RFQ RFQ0001654
masuk kesini untuk requestnya :: {"rfq_tipe":"isourcing","items":[{"id":4648,"name":"BRUSH,ELECT CONT;CB-85","request_quantity":4,"request_price":"50000.00","request_delivery_date":"2026-07-01T17:00:00.000Z","location":"PT. Mutiara Tanjung Lestari","rfq_number":"RFQ0001654","item_code":"3","vendor_code":"300022","offer_vendor_delivery_date":null,"offer_vendor_price":null,"vendor_description":null,"reject_reason":null,"vendor_reject_reason":null,"status_dic":null,"status_milestone":5,"offer_vendor_specification":null,"offer_vendor_brand":null,"offer_vendor_warranty":null,"offer_vendor_sloc":null,"offer_vendor_address_details":null,"uom":"SET","plant_code":"C100","server_groups":"BCG","external_material_group":"5977","vendor_type":"agregator","request_brand":"-","request_warranty":12,"request_unit_item":"SET","request_sloc":"Sp Haul Binungan","plant_name":"PT. Mutiara Tanjung Lestari","specification_images":null,"dic_reject_reason_images":null,"evidence":null,"offer_vendor_sloc_name":null,"deviations":{"quantity":{"request":"4 SET","offer":"4 SET","value":0,"has_deviation":false},"price":{"request":50000,"offer":50000,"value":0,"formatted":"-","has_deviation":false},"subtotal":{"request":200000,"offer":200000,"value":0,"formatted":"-","has_deviation":false},"delivery_date":{"request":"2026-07-01T17:00:00.000Z","request_formatted":"01 Jul 2026","offer":"2026-07-01T17:00:00.000Z","offer_formatted":"01 Jul 2026","days_diff":0,"formatted":"0 days","has_deviation":false},"brand":{"request":"-","offer":"-","status":"berbeda dengan PR","has_deviation":"-"},"warranty":{"request":12,"offer":12,"request_formatted":"12 bulan","offer_formatted":"12 bulan","value":0,"formatted":"-","has_deviation":false},"delivery_address":{"request":"Sp Haul Binungan","offer":"-","vendor_sloc_codes":"-","status":"Belum diisi vendor","has_deviation":true},"address_details":{"request":"-","offer":"-","has_deviation":false}}}],"reason":"Auto-converted to iSourcing due to expired CS action","notes":"Auto-converted to iSourcing due to expired CS action","is_system_action":true}
Error during bulk RFQ update: TypeError: Cannot destructure property 'rfq_number' of 'req.params' as it is undefined.
    at exports.sendActionToCS (/app/src/controllers/qcfController.js:91:33)
    at process.processTicksAndRejections (node:internal/process/task_queues:95:5)
    at async exports.handleExpiredCSReview (/app/src/services/prService.js:551:17)
    at async runCronTasks (/app/src/cron.js:80:9)
    at async cronJob (/app/src/cron.js:108:5)
Failed to process expired CS action for RFQ RFQ0001654: Error: Cannot destructure property 'rfq_number' of 'req.params' as it is undefined.
    at ResMocker.json (/app/src/utils/resMocker.js:36:13)
    at sendResponse (/app/src/helper/log.js:44:31)
    at exports.sendActionToCS (/app/src/controllers/qcfController.js:475:16)
    at process.processTicksAndRejections (node:internal/process/task_queues:95:5)
    at async exports.handleExpiredCSReview (/app/src/services/prService.js:551:17)
    at async runCronTasks (/app/src/cron.js:80:9)
    at async cronJob (/app/src/cron.js:108:5)
Moment Timezone has no data for +07:00. See http://momentjs.com/timezone/docs/#/data-loading/.
Moment Timezone has no data for +07:00. See http://momentjs.com/timezone/docs/#/data-loading/.
Moment Timezone has no data for +07:00. See http://momentjs.com/timezone/docs/#/data-loading/.
Moment Timezone has no data for +07:00. See http://momentjs.com/timezone/docs/#/data-loading/.
Fetching not submitted RFQ items for RFQ RFQ0001663, Vendor Batch 2, Vendor Code undefined. Multi-vendor scenario: false
Failed to get vendor under CS not submit items for RFQ RFQ0001663
Moment Timezone has no data for +07:00. See http://momentjs.com/timezone/docs/#/data-loading/.
Failed to get vendor under CS surrogate items for RFQ RFQ0001663
{
  priceNotMatchItems: [ 4672 ],
  surrogateItems: [],
  notSubmitItems: [],
  declinedItemsVendor: [ 4672 ]
}
Found 1 RFQ(s) for expired CS price not match action for RFQ RFQ0001663
masuk kesini untuk requestnya :: {"rfq_tipe":"isourcing","items":[{"id":4672,"name":"HAND PALLET;3T CAP","request_quantity":1,"request_price":"4003500.00","request_delivery_date":"2026-07-05T17:00:00.000Z","location":"PT. Mutiara Tanjung Lestari","rfq_number":"RFQ0001663","item_code":"4","vendor_code":"100329","offer_vendor_delivery_date":"2026-08-15T00:00:00.000Z","offer_vendor_price":"6900000.00","vendor_description":"BRAND KRISBOW Type KW 0500045","reject_reason":null,"vendor_reject_reason":null,"status_dic":1,"status_milestone":14,"offer_vendor_specification":null,"offer_vendor_brand":"KRISBOW","offer_vendor_warranty":12,"offer_vendor_sloc":"3001","offer_vendor_address_details":"Site Binungan","uom":"EA","plant_code":"C100","server_groups":"BCG","external_material_group":"3990","vendor_type":"direct","request_brand":"-","request_warranty":12,"request_unit_item":"EA","request_sloc":"Sp Haul Binungan","plant_name":"PT. Mutiara Tanjung Lestari","specification_images":[{"filePath":"https://aigen-api.icosystem.id/uploads/images/images-1784090307956-955897694.jpg"}],"dic_reject_reason_images":null,"evidence":null,"offer_vendor_sloc_name":"Sp Haul Binungan","deviations":{"quantity":{"request":"1 EA","offer":"1 EA","value":0,"has_deviation":false},"price":{"request":4003500,"offer":6900000,"value":2896500,"formatted":"Rp2.896.500","has_deviation":true},"subtotal":{"request":4003500,"offer":6900000,"value":2896500,"formatted":"Rp2.896.500","has_deviation":true},"delivery_date":{"request":"2026-07-05T17:00:00.000Z","request_formatted":"05 Jul 2026","offer":"2026-08-15T00:00:00.000Z","offer_formatted":"15 Aug 2026","days_diff":41,"formatted":"41 days","has_deviation":true},"brand":{"request":"-","offer":"KRISBOW","status":"berbeda dengan PR","has_deviation":"-"},"warranty":{"request":12,"offer":12,"request_formatted":"12 bulan","offer_formatted":"12 bulan","value":0,"formatted":"-","has_deviation":false},"delivery_address":{"request":"Sp Haul Binungan","offer":"Sp Haul Binungan","vendor_sloc_codes":"3001","status":"SLOC berbeda dengan PR","has_deviation":true},"address_details":{"request":"-","offer":"Site Binungan","has_deviation":true}}}],"reason":"Auto-converted to iSourcing due to expired CS action","notes":"Auto-converted to iSourcing due to expired CS action","is_system_action":true}
Error during bulk RFQ update: TypeError: Cannot destructure property 'rfq_number' of 'req.params' as it is undefined.
    at exports.sendActionToCS (/app/src/controllers/qcfController.js:91:33)
    at process.processTicksAndRejections (node:internal/process/task_queues:95:5)
    at async exports.handleExpiredCSReview (/app/src/services/prService.js:551:17)
    at async runCronTasks (/app/src/cron.js:80:9)
    at async cronJob (/app/src/cron.js:108:5)
Failed to process expired CS action for RFQ RFQ0001663: Error: Cannot destructure property 'rfq_number' of 'req.params' as it is undefined.
    at ResMocker.json (/app/src/utils/resMocker.js:36:13)
    at sendResponse (/app/src/helper/log.js:44:31)
    at exports.sendActionToCS (/app/src/controllers/qcfController.js:475:16)
    at process.processTicksAndRejections (node:internal/process/task_queues:95:5)
    at async exports.handleExpiredCSReview (/app/src/services/prService.js:551:17)
    at async runCronTasks (/app/src/cron.js:80:9)
    at async cronJob (/app/src/cron.js:108:5)
Moment Timezone has no data for +07:00. See http://momentjs.com/timezone/docs/#/data-loading/.
Moment Timezone has no data for +07:00. See http://momentjs.com/timezone/docs/#/data-loading/.
after date
Moment Timezone has no data for +07:00. See http://momentjs.com/timezone/docs/#/data-loading/.
Moment Timezone has no data for +07:00. See http://momentjs.com/timezone/docs/#/data-loading/.
Fetching not submitted RFQ items for RFQ RFQ0001711, Vendor Batch 1, Vendor Code undefined. Multi-vendor scenario: false
after date
Moment Timezone has no data for +07:00. See http://momentjs.com/timezone/docs/#/data-loading/.
Moment Timezone has no data for +07:00. See http://momentjs.com/timezone/docs/#/data-loading/.
Moment Timezone has no data for +07:00. See http://momentjs.com/timezone/docs/#/data-loading/.
Failed to get vendor under CS surrogate items for RFQ RFQ0001711
{
  priceNotMatchItems: [ 4833, 4834, 4835 ],
  surrogateItems: [],
  notSubmitItems: [ 4833, 4834, 4835 ],
  declinedItemsVendor: [ 4833, 4834, 4835 ]
}
Found 3 RFQ(s) for expired CS price not match action for RFQ RFQ0001711
masuk kesini untuk requestnya :: {"rfq_tipe":"isourcing","items":[{"id":4833,"name":"SOCKET,SKT WRENCH;FLEXCO POWER HW2 30448","request_quantity":1,"request_price":"887250.00","request_delivery_date":"2026-03-14T17:00:00.000Z","location":"PT. Mutiara Tanjung Lestari","rfq_number":"RFQ0001711","item_code":"1","vendor_code":"300022","offer_vendor_delivery_date":null,"offer_vendor_price":null,"vendor_description":null,"reject_reason":null,"vendor_reject_reason":null,"status_dic":null,"status_milestone":5,"offer_vendor_specification":null,"offer_vendor_brand":null,"offer_vendor_warranty":null,"offer_vendor_sloc":null,"offer_vendor_address_details":null,"uom":"PC","plant_code":"C100","server_groups":"BCG","external_material_group":"5120","vendor_type":"agregator","request_brand":null,"request_warranty":null,"request_unit_item":"PC","request_sloc":null,"plant_name":"PT. Mutiara Tanjung Lestari","specification_images":null,"dic_reject_reason_images":null,"evidence":null,"offer_vendor_sloc_name":null,"deviations":{"quantity":{"request":"1 PC","offer":"1 PC","value":0,"has_deviation":false},"price":{"request":887250,"offer":887250,"value":0,"formatted":"-","has_deviation":false},"subtotal":{"request":887250,"offer":887250,"value":0,"formatted":"-","has_deviation":false},"delivery_date":{"request":"2026-03-14T17:00:00.000Z","request_formatted":"14 Mar 2026","offer":"2026-03-14T17:00:00.000Z","offer_formatted":"14 Mar 2026","days_diff":0,"formatted":"0 days","has_deviation":false},"brand":{"request":"-","offer":"-","status":"","has_deviation":false},"warranty":{"request":0,"offer":0,"request_formatted":"-","offer_formatted":"-","value":0,"formatted":"-","has_deviation":false},"delivery_address":{"request":"-","offer":"-","vendor_sloc_codes":"-","status":"Belum diisi vendor","has_deviation":true},"address_details":{"request":"-","offer":"-","has_deviation":false}}},{"id":4834,"name":"GAUGE,FEELER;729865B;SKF","request_quantity":1,"request_price":"2999997.00","request_delivery_date":"2026-03-14T17:00:00.000Z","location":"PT. Mutiara Tanjung Lestari","rfq_number":"RFQ0001711","item_code":"3","vendor_code":"300022","offer_vendor_delivery_date":null,"offer_vendor_price":null,"vendor_description":null,"reject_reason":null,"vendor_reject_reason":null,"status_dic":null,"status_milestone":5,"offer_vendor_specification":null,"offer_vendor_brand":null,"offer_vendor_warranty":null,"offer_vendor_sloc":null,"offer_vendor_address_details":null,"uom":"PC","plant_code":"C100","server_groups":"BCG","external_material_group":"5120","vendor_type":"agregator","request_brand":null,"request_warranty":null,"request_unit_item":"PC","request_sloc":null,"plant_name":"PT. Mutiara Tanjung Lestari","specification_images":null,"dic_reject_reason_images":null,"evidence":null,"offer_vendor_sloc_name":null,"deviations":{"quantity":{"request":"1 PC","offer":"1 PC","value":0,"has_deviation":false},"price":{"request":2999997,"offer":2999997,"value":0,"formatted":"-","has_deviation":false},"subtotal":{"request":2999997,"offer":2999997,"value":0,"formatted":"-","has_deviation":false},"delivery_date":{"request":"2026-03-14T17:00:00.000Z","request_formatted":"14 Mar 2026","offer":"2026-03-14T17:00:00.000Z","offer_formatted":"14 Mar 2026","days_diff":0,"formatted":"0 days","has_deviation":false},"brand":{"request":"-","offer":"-","status":"","has_deviation":false},"warranty":{"request":0,"offer":0,"request_formatted":"-","offer_formatted":"-","value":0,"formatted":"-","has_deviation":false},"delivery_address":{"request":"-","offer":"-","vendor_sloc_codes":"-","status":"Belum diisi vendor","has_deviation":true},"address_details":{"request":"-","offer":"-","has_deviation":false}}},{"id":4835,"name":"GAUGE,FEELER;SKF 729865 A","request_quantity":2,"request_price":"1249500.00","request_delivery_date":"2026-03-14T17:00:00.000Z","location":"PT. Mutiara Tanjung Lestari","rfq_number":"RFQ0001711","item_code":"4","vendor_code":"300022","offer_vendor_delivery_date":null,"offer_vendor_price":null,"vendor_description":null,"reject_reason":null,"vendor_reject_reason":null,"status_dic":null,"status_milestone":5,"offer_vendor_specification":null,"offer_vendor_brand":null,"offer_vendor_warranty":null,"offer_vendor_sloc":null,"offer_vendor_address_details":null,"uom":"PC","plant_code":"C100","server_groups":"BCG","external_material_group":"5210","vendor_type":"agregator","request_brand":null,"request_warranty":null,"request_unit_item":"PC","request_sloc":null,"plant_name":"PT. Mutiara Tanjung Lestari","specification_images":null,"dic_reject_reason_images":null,"evidence":null,"offer_vendor_sloc_name":null,"deviations":{"quantity":{"request":"2 PC","offer":"2 PC","value":0,"has_deviation":false},"price":{"request":1249500,"offer":1249500,"value":0,"formatted":"-","has_deviation":false},"subtotal":{"request":2499000,"offer":2499000,"value":0,"formatted":"-","has_deviation":false},"delivery_date":{"request":"2026-03-14T17:00:00.000Z","request_formatted":"14 Mar 2026","offer":"2026-03-14T17:00:00.000Z","offer_formatted":"14 Mar 2026","days_diff":0,"formatted":"0 days","has_deviation":false},"brand":{"request":"-","offer":"-","status":"","has_deviation":false},"warranty":{"request":0,"offer":0,"request_formatted":"-","offer_formatted":"-","value":0,"formatted":"-","has_deviation":false},"delivery_address":{"request":"-","offer":"-","vendor_sloc_codes":"-","status":"Belum diisi vendor","has_deviation":true},"address_details":{"request":"-","offer":"-","has_deviation":false}}}],"reason":"Auto-converted to iSourcing due to expired CS action","notes":"Auto-converted to iSourcing due to expired CS action","is_system_action":true}
Error during bulk RFQ update: TypeError: Cannot destructure property 'rfq_number' of 'req.params' as it is undefined.
    at exports.sendActionToCS (/app/src/controllers/qcfController.js:91:33)
    at process.processTicksAndRejections (node:internal/process/task_queues:95:5)
    at async exports.handleExpiredCSReview (/app/src/services/prService.js:551:17)
    at async runCronTasks (/app/src/cron.js:80:9)
    at async cronJob (/app/src/cron.js:108:5)
Failed to process expired CS action for RFQ RFQ0001711: Error: Cannot destructure property 'rfq_number' of 'req.params' as it is undefined.
    at ResMocker.json (/app/src/utils/resMocker.js:36:13)
    at sendResponse (/app/src/helper/log.js:44:31)
    at exports.sendActionToCS (/app/src/controllers/qcfController.js:475:16)
    at process.processTicksAndRejections (node:internal/process/task_queues:95:5)
    at async exports.handleExpiredCSReview (/app/src/services/prService.js:551:17)
    at async runCronTasks (/app/src/cron.js:80:9)
    at async cronJob (/app/src/cron.js:108:5)
Moment Timezone has no data for +07:00. See http://momentjs.com/timezone/docs/#/data-loading/.
Moment Timezone has no data for +07:00. See http://momentjs.com/timezone/docs/#/data-loading/.
after date
Moment Timezone has no data for +07:00. See http://momentjs.com/timezone/docs/#/data-loading/.
Moment Timezone has no data for +07:00. See http://momentjs.com/timezone/docs/#/data-loading/.
Fetching not submitted RFQ items for RFQ RFQ0001673, Vendor Batch 1, Vendor Code undefined. Multi-vendor scenario: false
after date
Moment Timezone has no data for +07:00. See http://momentjs.com/timezone/docs/#/data-loading/.
Moment Timezone has no data for +07:00. See http://momentjs.com/timezone/docs/#/data-loading/.
Moment Timezone has no data for +07:00. See http://momentjs.com/timezone/docs/#/data-loading/.
Failed to get vendor under CS surrogate items for RFQ RFQ0001673
{
  priceNotMatchItems: [ 4735 ],
  surrogateItems: [],
  notSubmitItems: [ 4735 ],
  declinedItemsVendor: [ 4735 ]
}
Found 1 RFQ(s) for expired CS price not match action for RFQ RFQ0001673
masuk kesini untuk requestnya :: {"rfq_tipe":"isourcing","items":[{"id":4735,"name":"SHAFT,FLEXIBLE;PRO TANAKA SUM 338PE III","request_quantity":8,"request_price":"400000.00","request_delivery_date":"2026-07-27T17:00:00.000Z","location":"Berau Head Office","rfq_number":"RFQ0001673","item_code":"13","vendor_code":"300022","offer_vendor_delivery_date":null,"offer_vendor_price":null,"vendor_description":null,"reject_reason":null,"vendor_reject_reason":null,"status_dic":null,"status_milestone":5,"offer_vendor_specification":null,"offer_vendor_brand":null,"offer_vendor_warranty":null,"offer_vendor_sloc":null,"offer_vendor_address_details":null,"uom":"PC","plant_code":"B200","server_groups":"BCG","external_material_group":"3040","vendor_type":"agregator","request_brand":"Tanaka","request_warranty":0,"request_unit_item":"PC","request_sloc":"Binungan","plant_name":"Berau Head Office","specification_images":null,"dic_reject_reason_images":null,"evidence":null,"offer_vendor_sloc_name":null,"deviations":{"quantity":{"request":"8 PC","offer":"8 PC","value":0,"has_deviation":false},"price":{"request":400000,"offer":400000,"value":0,"formatted":"-","has_deviation":false},"subtotal":{"request":3200000,"offer":3200000,"value":0,"formatted":"-","has_deviation":false},"delivery_date":{"request":"2026-07-27T17:00:00.000Z","request_formatted":"27 Jul 2026","offer":"2026-07-27T17:00:00.000Z","offer_formatted":"27 Jul 2026","days_diff":0,"formatted":"0 days","has_deviation":false},"brand":{"request":"Tanaka","offer":"-","status":"berbeda dengan PR","has_deviation":"Tanaka"},"warranty":{"request":0,"offer":0,"request_formatted":"-","offer_formatted":"-","value":0,"formatted":"-","has_deviation":false},"delivery_address":{"request":"Binungan","offer":"-","vendor_sloc_codes":"-","status":"Belum diisi vendor","has_deviation":true},"address_details":{"request":"-","offer":"-","has_deviation":false}}}],"reason":"Auto-converted to iSourcing due to expired CS action","notes":"Auto-converted to iSourcing due to expired CS action","is_system_action":true}
Error during bulk RFQ update: TypeError: Cannot destructure property 'rfq_number' of 'req.params' as it is undefined.
    at exports.sendActionToCS (/app/src/controllers/qcfController.js:91:33)
    at process.processTicksAndRejections (node:internal/process/task_queues:95:5)
    at async exports.handleExpiredCSReview (/app/src/services/prService.js:551:17)
    at async runCronTasks (/app/src/cron.js:80:9)
    at async cronJob (/app/src/cron.js:108:5)
Failed to process expired CS action for RFQ RFQ0001673: Error: Cannot destructure property 'rfq_number' of 'req.params' as it is undefined.
    at ResMocker.json (/app/src/utils/resMocker.js:36:13)
    at sendResponse (/app/src/helper/log.js:44:31)
    at exports.sendActionToCS (/app/src/controllers/qcfController.js:475:16)
    at process.processTicksAndRejections (node:internal/process/task_queues:95:5)
    at async exports.handleExpiredCSReview (/app/src/services/prService.js:551:17)
    at async runCronTasks (/app/src/cron.js:80:9)
    at async cronJob (/app/src/cron.js:108:5)
Moment Timezone has no data for +07:00. See http://momentjs.com/timezone/docs/#/data-loading/.
Moment Timezone has no data for +07:00. See http://momentjs.com/timezone/docs/#/data-loading/.
Moment Timezone has no data for +07:00. See http://momentjs.com/timezone/docs/#/data-loading/.
Moment Timezone has no data for +07:00. See http://momentjs.com/timezone/docs/#/data-loading/.
Fetching not submitted RFQ items for RFQ RFQ0001668, Vendor Batch 4, Vendor Code undefined. Multi-vendor scenario: false
Failed to get vendor under CS not submit items for RFQ RFQ0001668
Moment Timezone has no data for +07:00. See http://momentjs.com/timezone/docs/#/data-loading/.
Failed to get vendor under CS surrogate items for RFQ RFQ0001668
{
  priceNotMatchItems: [ 4761 ],
  surrogateItems: [],
  notSubmitItems: [],
  declinedItemsVendor: [ 4761 ]
}
Found 1 RFQ(s) for expired CS price not match action for RFQ RFQ0001668
masuk kesini untuk requestnya :: {"rfq_tipe":"isourcing","items":[{"id":4761,"name":"BATTERY,STORAGE;DRY;GLOBATT;12V;100AH","request_quantity":2,"request_price":"4500000.00","request_delivery_date":"2026-08-26T17:00:00.000Z","location":"PT Borneo Indobara","rfq_number":"RFQ0001668","item_code":"10","vendor_code":"106412","offer_vendor_delivery_date":"2026-08-27T00:00:00.000Z","offer_vendor_price":"4995000.00","vendor_description":"Aki Globatt 60044 12v 100Ah 1050cca","reject_reason":null,"vendor_reject_reason":null,"status_dic":1,"status_milestone":14,"offer_vendor_specification":null,"offer_vendor_brand":"Globatt ","offer_vendor_warranty":0,"offer_vendor_sloc":"3001","offer_vendor_address_details":"Harga Franco PT. BIB Angsana Office,Jl.Propinsi KM.180,RT 02/ RW 01,Desa Angsana,Kec.Angsana.,72275,Banjarmasin,Indonesia","uom":"PC","plant_code":"O302","server_groups":"GEMS","external_material_group":"6140","vendor_type":"agregator","request_brand":"Globatt","request_warranty":0,"request_unit_item":"PC","request_sloc":null,"plant_name":"PT Borneo Indobara","specification_images":[{"filePath":"https://aigen-api.icosystem.id/uploads/images/images-1784525197001-752809085.jpeg"}],"dic_reject_reason_images":[{"filePath":"https://aigen-api.icosystem.id/uploads/images/images-1784510921300-373350224.png"}],"evidence":null,"offer_vendor_sloc_name":"General","deviations":{"quantity":{"request":"2 PC","offer":"2 PC","value":0,"has_deviation":false},"price":{"request":4500000,"offer":4995000,"value":495000,"formatted":"Rp495.000","has_deviation":true},"subtotal":{"request":9000000,"offer":9990000,"value":990000,"formatted":"Rp990.000","has_deviation":true},"delivery_date":{"request":"2026-08-26T17:00:00.000Z","request_formatted":"26 Aug 2026","offer":"2026-08-27T00:00:00.000Z","offer_formatted":"27 Aug 2026","days_diff":1,"formatted":"1 days","has_deviation":true},"brand":{"request":"Globatt","offer":"Globatt","status":"sama dengan PR","has_deviation":false},"warranty":{"request":0,"offer":0,"request_formatted":"-","offer_formatted":"-","value":0,"formatted":"-","has_deviation":false},"delivery_address":{"request":"-","offer":"General","vendor_sloc_codes":"3001","status":"SLOC berbeda dengan PR","has_deviation":true},"address_details":{"request":"-","offer":"Harga Franco PT. BIB Angsana Office,Jl.Propinsi KM.180,RT 02/ RW 01,Desa Angsana,Kec.Angsana.,72275,Banjarmasin,Indonesia","has_deviation":true}}}],"reason":"Auto-converted to iSourcing due to expired CS action","notes":"Auto-converted to iSourcing due to expired CS action","is_system_action":true}
Error during bulk RFQ update: TypeError: Cannot destructure property 'rfq_number' of 'req.params' as it is undefined.
    at exports.sendActionToCS (/app/src/controllers/qcfController.js:91:33)
    at process.processTicksAndRejections (node:internal/process/task_queues:95:5)
    at async exports.handleExpiredCSReview (/app/src/services/prService.js:551:17)
    at async runCronTasks (/app/src/cron.js:80:9)
    at async cronJob (/app/src/cron.js:108:5)
Failed to process expired CS action for RFQ RFQ0001668: Error: Cannot destructure property 'rfq_number' of 'req.params' as it is undefined.
    at ResMocker.json (/app/src/utils/resMocker.js:36:13)
    at sendResponse (/app/src/helper/log.js:44:31)
    at exports.sendActionToCS (/app/src/controllers/qcfController.js:475:16)
    at process.processTicksAndRejections (node:internal/process/task_queues:95:5)
    at async exports.handleExpiredCSReview (/app/src/services/prService.js:551:17)
    at async runCronTasks (/app/src/cron.js:80:9)
    at async cronJob (/app/src/cron.js:108:5)
Moment Timezone has no data for +07:00. See http://momentjs.com/timezone/docs/#/data-loading/.
Moment Timezone has no data for +07:00. See http://momentjs.com/timezone/docs/#/data-loading/.
Moment Timezone has no data for +07:00. See http://momentjs.com/timezone/docs/#/data-loading/.
Moment Timezone has no data for +07:00. See http://momentjs.com/timezone/docs/#/data-loading/.
Fetching not submitted RFQ items for RFQ RFQ0001718, Vendor Batch 1, Vendor Code undefined. Multi-vendor scenario: false
Moment Timezone has no data for +07:00. See http://momentjs.com/timezone/docs/#/data-loading/.
Moment Timezone has no data for +07:00. See http://momentjs.com/timezone/docs/#/data-loading/.
Moment Timezone has no data for +07:00. See http://momentjs.com/timezone/docs/#/data-loading/.
Failed to get vendor under CS surrogate items for RFQ RFQ0001718
{
  priceNotMatchItems: [ 4839 ],
  surrogateItems: [],
  notSubmitItems: [ 4839 ],
  declinedItemsVendor: [ 4839 ]
}
Found 1 RFQ(s) for expired CS price not match action for RFQ RFQ0001718
masuk kesini untuk requestnya :: {"rfq_tipe":"isourcing","items":[{"id":4839,"name":"LAPTOP;MACBOOK AIR 13IN MGN73ID/A;APPLE","request_quantity":1,"request_price":"24500000.00","request_delivery_date":"2026-07-28T17:00:00.000Z","location":"PT Borneo Indobara","rfq_number":"RFQ0001718","item_code":"30","vendor_code":"108106","offer_vendor_delivery_date":null,"offer_vendor_price":null,"vendor_description":null,"reject_reason":null,"vendor_reject_reason":null,"status_dic":null,"status_milestone":22,"offer_vendor_specification":null,"offer_vendor_brand":null,"offer_vendor_warranty":null,"offer_vendor_sloc":null,"offer_vendor_address_details":null,"uom":"UN","plant_code":"O301","server_groups":"GEMS","external_material_group":"7021","vendor_type":"direct","request_brand":"-","request_warranty":0,"request_unit_item":"UN","request_sloc":null,"plant_name":"PT Borneo Indobara","specification_images":null,"dic_reject_reason_images":null,"evidence":null,"offer_vendor_sloc_name":null,"deviations":{"quantity":{"request":"1 UN","offer":"1 UN","value":0,"has_deviation":false},"price":{"request":24500000,"offer":24500000,"value":0,"formatted":"-","has_deviation":false},"subtotal":{"request":24500000,"offer":24500000,"value":0,"formatted":"-","has_deviation":false},"delivery_date":{"request":"2026-07-28T17:00:00.000Z","request_formatted":"28 Jul 2026","offer":"2026-07-28T17:00:00.000Z","offer_formatted":"28 Jul 2026","days_diff":0,"formatted":"0 days","has_deviation":false},"brand":{"request":"-","offer":"-","status":"berbeda dengan PR","has_deviation":"-"},"warranty":{"request":0,"offer":0,"request_formatted":"-","offer_formatted":"-","value":0,"formatted":"-","has_deviation":false},"delivery_address":{"request":"-","offer":"-","vendor_sloc_codes":"-","status":"Belum diisi vendor","has_deviation":true},"address_details":{"request":"-","offer":"-","has_deviation":false}}}],"reason":"Auto-converted to iSourcing due to expired CS action","notes":"Auto-converted to iSourcing due to expired CS action","is_system_action":true}
Error during bulk RFQ update: TypeError: Cannot destructure property 'rfq_number' of 'req.params' as it is undefined.
    at exports.sendActionToCS (/app/src/controllers/qcfController.js:91:33)
    at process.processTicksAndRejections (node:internal/process/task_queues:95:5)
    at async exports.handleExpiredCSReview (/app/src/services/prService.js:551:17)
    at async runCronTasks (/app/src/cron.js:80:9)
    at async cronJob (/app/src/cron.js:108:5)
Failed to process expired CS action for RFQ RFQ0001718: Error: Cannot destructure property 'rfq_number' of 'req.params' as it is undefined.
    at ResMocker.json (/app/src/utils/resMocker.js:36:13)
    at sendResponse (/app/src/helper/log.js:44:31)
    at exports.sendActionToCS (/app/src/controllers/qcfController.js:475:16)
    at process.processTicksAndRejections (node:internal/process/task_queues:95:5)
    at async exports.handleExpiredCSReview (/app/src/services/prService.js:551:17)
    at async runCronTasks (/app/src/cron.js:80:9)
    at async cronJob (/app/src/cron.js:108:5)
Moment Timezone has no data for +07:00. See http://momentjs.com/timezone/docs/#/data-loading/.
Moment Timezone has no data for +07:00. See http://momentjs.com/timezone/docs/#/data-loading/.
Moment Timezone has no data for +07:00. See http://momentjs.com/timezone/docs/#/data-loading/.
Moment Timezone has no data for +07:00. See http://momentjs.com/timezone/docs/#/data-loading/.
Fetching not submitted RFQ items for RFQ RFQ0001702, Vendor Batch 2, Vendor Code undefined. Multi-vendor scenario: false
Failed to get vendor under CS not submit items for RFQ RFQ0001702
Moment Timezone has no data for +07:00. See http://momentjs.com/timezone/docs/#/data-loading/.
Failed to get vendor under CS surrogate items for RFQ RFQ0001702
{
  priceNotMatchItems: [ 4788 ],
  surrogateItems: [],
  notSubmitItems: [],
  declinedItemsVendor: [ 4788 ]
}
Found 1 RFQ(s) for expired CS price not match action for RFQ RFQ0001702
masuk kesini untuk requestnya :: {"rfq_tipe":"isourcing","items":[{"id":4788,"name":"ACCESS POINT;UBNT LITEBEM 5AC GEN2;RADIO","request_quantity":5,"request_price":"1470000.00","request_delivery_date":"2026-07-12T17:00:00.000Z","location":"Berau Head Office","rfq_number":"RFQ0001702","item_code":"4","vendor_code":"101426","offer_vendor_delivery_date":"2026-07-23T00:00:00.000Z","offer_vendor_price":"2340000.00","vendor_description":"Acces Point UBNT Litebeam 5AC Gen2 Radio \nType UBIQUTI LBE-5AC-LR","reject_reason":null,"vendor_reject_reason":null,"status_dic":1,"status_milestone":14,"offer_vendor_specification":null,"offer_vendor_brand":"UBIQUITI","offer_vendor_warranty":0,"offer_vendor_sloc":"2002","offer_vendor_address_details":"Jl. Pemuda No. 40 Tanjung Redeb - Berau","uom":"PC","plant_code":"B200","server_groups":"BCG","external_material_group":"7035","vendor_type":"direct","request_brand":"NO","request_warranty":0,"request_unit_item":"PC","request_sloc":"General WH","plant_name":"Berau Head Office","specification_images":[{"filePath":"https://aigen-api.icosystem.id/uploads/images/images-1784199810086-437195255.jpg"}],"dic_reject_reason_images":null,"evidence":null,"offer_vendor_sloc_name":"Berau HO","deviations":{"quantity":{"request":"5 PC","offer":"5 PC","value":0,"has_deviation":false},"price":{"request":1470000,"offer":2340000,"value":870000,"formatted":"Rp870.000","has_deviation":true},"subtotal":{"request":7350000,"offer":11700000,"value":4350000,"formatted":"Rp4.350.000","has_deviation":true},"delivery_date":{"request":"2026-07-12T17:00:00.000Z","request_formatted":"12 Jul 2026","offer":"2026-07-23T00:00:00.000Z","offer_formatted":"23 Jul 2026","days_diff":11,"formatted":"11 days","has_deviation":true},"brand":{"request":"NO","offer":"UBIQUITI","status":"berbeda dengan PR","has_deviation":"NO"},"warranty":{"request":0,"offer":0,"request_formatted":"-","offer_formatted":"-","value":0,"formatted":"-","has_deviation":false},"delivery_address":{"request":"General WH","offer":"Berau HO","vendor_sloc_codes":"2002","status":"SLOC berbeda dengan PR","has_deviation":true},"address_details":{"request":"-","offer":"Jl. Pemuda No. 40 Tanjung Redeb - Berau","has_deviation":true}}}],"reason":"Auto-converted to iSourcing due to expired CS action","notes":"Auto-converted to iSourcing due to expired CS action","is_system_action":true}
Error during bulk RFQ update: TypeError: Cannot destructure property 'rfq_number' of 'req.params' as it is undefined.
    at exports.sendActionToCS (/app/src/controllers/qcfController.js:91:33)
    at process.processTicksAndRejections (node:internal/process/task_queues:95:5)
    at async exports.handleExpiredCSReview (/app/src/services/prService.js:551:17)
    at async runCronTasks (/app/src/cron.js:80:9)
    at async cronJob (/app/src/cron.js:108:5)
Failed to process expired CS action for RFQ RFQ0001702: Error: Cannot destructure property 'rfq_number' of 'req.params' as it is undefined.
    at ResMocker.json (/app/src/utils/resMocker.js:36:13)
    at sendResponse (/app/src/helper/log.js:44:31)
    at exports.sendActionToCS (/app/src/controllers/qcfController.js:475:16)
    at process.processTicksAndRejections (node:internal/process/task_queues:95:5)
    at async exports.handleExpiredCSReview (/app/src/services/prService.js:551:17)
    at async runCronTasks (/app/src/cron.js:80:9)
    at async cronJob (/app/src/cron.js:108:5)
Moment Timezone has no data for +07:00. See http://momentjs.com/timezone/docs/#/data-loading/.
Moment Timezone has no data for +07:00. See http://momentjs.com/timezone/docs/#/data-loading/.
after date
Moment Timezone has no data for +07:00. See http://momentjs.com/timezone/docs/#/data-loading/.
Moment Timezone has no data for +07:00. See http://momentjs.com/timezone/docs/#/data-loading/.
Fetching not submitted RFQ items for RFQ RFQ0001737, Vendor Batch 1, Vendor Code undefined. Multi-vendor scenario: false
after date
Moment Timezone has no data for +07:00. See http://momentjs.com/timezone/docs/#/data-loading/.
Moment Timezone has no data for +07:00. See http://momentjs.com/timezone/docs/#/data-loading/.
Moment Timezone has no data for +07:00. See http://momentjs.com/timezone/docs/#/data-loading/.
Failed to get vendor under CS surrogate items for RFQ RFQ0001737
{
  priceNotMatchItems: [ 4920 ],
  surrogateItems: [],
  notSubmitItems: [ 4920 ],
  declinedItemsVendor: [ 4920 ]
}
Found 1 RFQ(s) for expired CS price not match action for RFQ RFQ0001737
masuk kesini untuk requestnya :: {"rfq_tipe":"isourcing","items":[{"id":4920,"name":"ROUTER;R2110-4L;ROBUSTEL","request_quantity":2,"request_price":"10325000.00","request_delivery_date":"2026-07-22T17:00:00.000Z","location":"Berau Head Office","rfq_number":"RFQ0001737","item_code":"4","vendor_code":"300022","offer_vendor_delivery_date":null,"offer_vendor_price":null,"vendor_description":null,"reject_reason":null,"vendor_reject_reason":null,"status_dic":null,"status_milestone":5,"offer_vendor_specification":null,"offer_vendor_brand":null,"offer_vendor_warranty":null,"offer_vendor_sloc":null,"offer_vendor_address_details":null,"uom":"UNT","plant_code":"B200","server_groups":"BCG","external_material_group":"7035","vendor_type":"agregator","request_brand":"NO","request_warranty":0,"request_unit_item":"UNT","request_sloc":"General WH","plant_name":"Berau Head Office","specification_images":null,"dic_reject_reason_images":null,"evidence":null,"offer_vendor_sloc_name":null,"deviations":{"quantity":{"request":"2 UNT","offer":"2 UNT","value":0,"has_deviation":false},"price":{"request":10325000,"offer":10325000,"value":0,"formatted":"-","has_deviation":false},"subtotal":{"request":20650000,"offer":20650000,"value":0,"formatted":"-","has_deviation":false},"delivery_date":{"request":"2026-07-22T17:00:00.000Z","request_formatted":"22 Jul 2026","offer":"2026-07-22T17:00:00.000Z","offer_formatted":"22 Jul 2026","days_diff":0,"formatted":"0 days","has_deviation":false},"brand":{"request":"NO","offer":"-","status":"berbeda dengan PR","has_deviation":"NO"},"warranty":{"request":0,"offer":0,"request_formatted":"-","offer_formatted":"-","value":0,"formatted":"-","has_deviation":false},"delivery_address":{"request":"General WH","offer":"-","vendor_sloc_codes":"-","status":"Belum diisi vendor","has_deviation":true},"address_details":{"request":"-","offer":"-","has_deviation":false}}}],"reason":"Auto-converted to iSourcing due to expired CS action","notes":"Auto-converted to iSourcing due to expired CS action","is_system_action":true}
Error during bulk RFQ update: TypeError: Cannot destructure property 'rfq_number' of 'req.params' as it is undefined.
    at exports.sendActionToCS (/app/src/controllers/qcfController.js:91:33)
    at process.processTicksAndRejections (node:internal/process/task_queues:95:5)
    at async exports.handleExpiredCSReview (/app/src/services/prService.js:551:17)
    at async runCronTasks (/app/src/cron.js:80:9)
    at async cronJob (/app/src/cron.js:108:5)
Failed to process expired CS action for RFQ RFQ0001737: Error: Cannot destructure property 'rfq_number' of 'req.params' as it is undefined.
    at ResMocker.json (/app/src/utils/resMocker.js:36:13)
    at sendResponse (/app/src/helper/log.js:44:31)
    at exports.sendActionToCS (/app/src/controllers/qcfController.js:475:16)
    at process.processTicksAndRejections (node:internal/process/task_queues:95:5)
    at async exports.handleExpiredCSReview (/app/src/services/prService.js:551:17)
    at async runCronTasks (/app/src/cron.js:80:9)
    at async cronJob (/app/src/cron.js:108:5)
Moment Timezone has no data for +07:00. See http://momentjs.com/timezone/docs/#/data-loading/.
Moment Timezone has no data for +07:00. See http://momentjs.com/timezone/docs/#/data-loading/.
Moment Timezone has no data for +07:00. See http://momentjs.com/timezone/docs/#/data-loading/.
Moment Timezone has no data for +07:00. See http://momentjs.com/timezone/docs/#/data-loading/.
Fetching not submitted RFQ items for RFQ RFQ0001749, Vendor Batch 2, Vendor Code undefined. Multi-vendor scenario: false
Failed to get vendor under CS not submit items for RFQ RFQ0001749
Moment Timezone has no data for +07:00. See http://momentjs.com/timezone/docs/#/data-loading/.
Failed to get vendor under CS surrogate items for RFQ RFQ0001749
{
  priceNotMatchItems: [ 4927 ],
  surrogateItems: [],
  notSubmitItems: [],
  declinedItemsVendor: [ 4927 ]
}
Found 1 RFQ(s) for expired CS price not match action for RFQ RFQ0001749
masuk kesini untuk requestnya :: {"rfq_tipe":"isourcing","items":[{"id":4927,"name":"ARRESTER,SURGE;CAMBIUM;56VDC","request_quantity":2,"request_price":"1391500.00","request_delivery_date":"2026-07-26T17:00:00.000Z","location":"Berau Head Office","rfq_number":"RFQ0001749","item_code":"14","vendor_code":"101839","offer_vendor_delivery_date":"2026-07-27T00:00:00.000Z","offer_vendor_price":"2985000.00","vendor_description":"sesuai lampiran dari kami","reject_reason":null,"vendor_reject_reason":null,"status_dic":1,"status_milestone":14,"offer_vendor_specification":null,"offer_vendor_brand":"NO","offer_vendor_warranty":0,"offer_vendor_sloc":"WHSE","offer_vendor_address_details":" Jl. Pemuda No. 40,77311,Tanjung Redeb,Indonesia","uom":"UNT","plant_code":"B200","server_groups":"BCG","external_material_group":"5920","vendor_type":"direct","request_brand":"NO","request_warranty":0,"request_unit_item":"UNT","request_sloc":"General WH","plant_name":"Berau Head Office","specification_images":[{"filePath":"https://aigen-api.icosystem.id/uploads/images/images-1784813266702-215647419.jpg"},{"filePath":"https://aigen-api.icosystem.id/uploads/images/images-1784813266923-737622208.jpg"},{"filePath":"https://aigen-api.icosystem.id/uploads/images/images-1784813267062-719887042.jpg"}],"dic_reject_reason_images":null,"evidence":null,"offer_vendor_sloc_name":"General WH","deviations":{"quantity":{"request":"2 UNT","offer":"2 UNT","value":0,"has_deviation":false},"price":{"request":1391500,"offer":2985000,"value":1593500,"formatted":"Rp1.593.500","has_deviation":true},"subtotal":{"request":2783000,"offer":5970000,"value":3187000,"formatted":"Rp3.187.000","has_deviation":true},"delivery_date":{"request":"2026-07-26T17:00:00.000Z","request_formatted":"26 Jul 2026","offer":"2026-07-27T00:00:00.000Z","offer_formatted":"27 Jul 2026","days_diff":1,"formatted":"1 days","has_deviation":true},"brand":{"request":"NO","offer":"NO","status":"sama dengan PR","has_deviation":false},"warranty":{"request":0,"offer":0,"request_formatted":"-","offer_formatted":"-","value":0,"formatted":"-","has_deviation":false},"delivery_address":{"request":"General WH","offer":"General WH","vendor_sloc_codes":"WHSE","status":"SLOC berbeda dengan PR","has_deviation":true},"address_details":{"request":"-","offer":" Jl. Pemuda No. 40,77311,Tanjung Redeb,Indonesia","has_deviation":true}}}],"reason":"Auto-converted to iSourcing due to expired CS action","notes":"Auto-converted to iSourcing due to expired CS action","is_system_action":true}
Error during bulk RFQ update: TypeError: Cannot destructure property 'rfq_number' of 'req.params' as it is undefined.
    at exports.sendActionToCS (/app/src/controllers/qcfController.js:91:33)
    at process.processTicksAndRejections (node:internal/process/task_queues:95:5)
    at async exports.handleExpiredCSReview (/app/src/services/prService.js:551:17)
    at async runCronTasks (/app/src/cron.js:80:9)
    at async cronJob (/app/src/cron.js:108:5)
Failed to process expired CS action for RFQ RFQ0001749: Error: Cannot destructure property 'rfq_number' of 'req.params' as it is undefined.
    at ResMocker.json (/app/src/utils/resMocker.js:36:13)
    at sendResponse (/app/src/helper/log.js:44:31)
    at exports.sendActionToCS (/app/src/controllers/qcfController.js:475:16)
    at process.processTicksAndRejections (node:internal/process/task_queues:95:5)
    at async exports.handleExpiredCSReview (/app/src/services/prService.js:551:17)
    at async runCronTasks (/app/src/cron.js:80:9)
    at async cronJob (/app/src/cron.js:108:5)
Moment Timezone has no data for +07:00. See http://momentjs.com/timezone/docs/#/data-loading/.
Moment Timezone has no data for +07:00. See http://momentjs.com/timezone/docs/#/data-loading/.
Moment Timezone has no data for +07:00. See http://momentjs.com/timezone/docs/#/data-loading/.
Moment Timezone has no data for +07:00. See http://momentjs.com/timezone/docs/#/data-loading/.
Fetching not submitted RFQ items for RFQ RFQ0001733, Vendor Batch 2, Vendor Code undefined. Multi-vendor scenario: false
Failed to get vendor under CS not submit items for RFQ RFQ0001733
Moment Timezone has no data for +07:00. See http://momentjs.com/timezone/docs/#/data-loading/.
Failed to get vendor under CS surrogate items for RFQ RFQ0001733
{
  priceNotMatchItems: [ 4875, 4879 ],
  surrogateItems: [],
  notSubmitItems: [],
  declinedItemsVendor: [ 4875, 4879 ]
}
Found 2 RFQ(s) for expired CS price not match action for RFQ RFQ0001733
masuk kesini untuk requestnya :: {"rfq_tipe":"isourcing","items":[{"id":4875,"name":"GRINDING WHEEL;CUTTING;IRON;BOSCH","request_quantity":1,"request_price":"10000.00","request_delivery_date":"2026-07-30T17:00:00.000Z","location":"Berau Head Office","rfq_number":"RFQ0001733","item_code":"19","vendor_code":"101962","offer_vendor_delivery_date":"2026-07-23T00:00:00.000Z","offer_vendor_price":"12000.00","vendor_description":"BATU CUTTING 4\" 105X2X16 NR (STOK 1645, SATUAN ) ➡️Frangko Toko IJT Kedaung/HO Tanjung Redeb\n","reject_reason":null,"vendor_reject_reason":null,"status_dic":1,"status_milestone":14,"offer_vendor_specification":null,"offer_vendor_brand":"BATU CUTTING 4\" 105X2X16 NR","offer_vendor_warranty":0,"offer_vendor_sloc":"2002","offer_vendor_address_details":"Frangko Toko IJT / HO Pemuda","uom":"PC","plant_code":"B200","server_groups":"BCG","external_material_group":"5345","vendor_type":"direct","request_brand":"Mata Gerinda Besi","request_warranty":0,"request_unit_item":"PC","request_sloc":"Binungan","plant_name":"Berau Head Office","specification_images":[{"filePath":"https://aigen-api.icosystem.id/uploads/images/images-1784792813495-92921342.png"}],"dic_reject_reason_images":null,"evidence":null,"offer_vendor_sloc_name":"Berau HO","deviations":{"quantity":{"request":"1 PC","offer":"1 PC","value":0,"has_deviation":false},"price":{"request":10000,"offer":12000,"value":2000,"formatted":"Rp2.000","has_deviation":true},"subtotal":{"request":10000,"offer":12000,"value":2000,"formatted":"Rp2.000","has_deviation":true},"delivery_date":{"request":"2026-07-30T17:00:00.000Z","request_formatted":"30 Jul 2026","offer":"2026-07-23T00:00:00.000Z","offer_formatted":"23 Jul 2026","days_diff":-7,"formatted":"-7 days","has_deviation":true},"brand":{"request":"Mata Gerinda Besi","offer":"BATU CUTTING 4\" 105X2X16 NR","status":"berbeda dengan PR","has_deviation":"Mata Gerinda Besi"},"warranty":{"request":0,"offer":0,"request_formatted":"-","offer_formatted":"-","value":0,"formatted":"-","has_deviation":false},"delivery_address":{"request":"Binungan","offer":"Berau HO","vendor_sloc_codes":"2002","status":"SLOC berbeda dengan PR","has_deviation":true},"address_details":{"request":"-","offer":"Frangko Toko IJT / HO Pemuda","has_deviation":true}}},{"id":4879,"name":"TROWEL;CEMENT","request_quantity":2,"request_price":"35000.00","request_delivery_date":"2026-07-30T17:00:00.000Z","location":"Berau Head Office","rfq_number":"RFQ0001733","item_code":"6","vendor_code":"101962","offer_vendor_delivery_date":"2026-07-30T00:00:00.000Z","offer_vendor_price":"50000.00","vendor_description":"SENDOK SEMEN SEGI 4 6\" (STOK PREPARE 2-3 HARI, SATUAN ) ➡️Frangko Toko IJT Kedaung/HO Tanjung Redeb\n","reject_reason":null,"vendor_reject_reason":null,"status_dic":1,"status_milestone":14,"offer_vendor_specification":null,"offer_vendor_brand":"SENDOK SEMEN SEGI 4 6\"","offer_vendor_warranty":0,"offer_vendor_sloc":"2002","offer_vendor_address_details":"Frangko Toko IJT / HO Pemuda","uom":"PC","plant_code":"B200","server_groups":"BCG","external_material_group":"5120","vendor_type":"direct","request_brand":"Sendok semen segi 4","request_warranty":0,"request_unit_item":"PC","request_sloc":"Binungan","plant_name":"Berau Head Office","specification_images":[{"filePath":"https://aigen-api.icosystem.id/uploads/images/images-1784793380785-17171607.png"}],"dic_reject_reason_images":null,"evidence":null,"offer_vendor_sloc_name":"Berau HO","deviations":{"quantity":{"request":"2 PC","offer":"2 PC","value":0,"has_deviation":false},"price":{"request":35000,"offer":50000,"value":15000,"formatted":"Rp15.000","has_deviation":true},"subtotal":{"request":70000,"offer":100000,"value":30000,"formatted":"Rp30.000","has_deviation":true},"delivery_date":{"request":"2026-07-30T17:00:00.000Z","request_formatted":"30 Jul 2026","offer":"2026-07-30T00:00:00.000Z","offer_formatted":"30 Jul 2026","days_diff":0,"formatted":"0 days","has_deviation":false},"brand":{"request":"Sendok semen segi 4","offer":"SENDOK SEMEN SEGI 4 6\"","status":"berbeda dengan PR","has_deviation":"Sendok semen segi 4"},"warranty":{"request":0,"offer":0,"request_formatted":"-","offer_formatted":"-","value":0,"formatted":"-","has_deviation":false},"delivery_address":{"request":"Binungan","offer":"Berau HO","vendor_sloc_codes":"2002","status":"SLOC berbeda dengan PR","has_deviation":true},"address_details":{"request":"-","offer":"Frangko Toko IJT / HO Pemuda","has_deviation":true}}}],"reason":"Auto-converted to iSourcing due to expired CS action","notes":"Auto-converted to iSourcing due to expired CS action","is_system_action":true}
Error during bulk RFQ update: TypeError: Cannot destructure property 'rfq_number' of 'req.params' as it is undefined.
    at exports.sendActionToCS (/app/src/controllers/qcfController.js:91:33)
    at process.processTicksAndRejections (node:internal/process/task_queues:95:5)
    at async exports.handleExpiredCSReview (/app/src/services/prService.js:551:17)
    at async runCronTasks (/app/src/cron.js:80:9)
    at async cronJob (/app/src/cron.js:108:5)
Failed to process expired CS action for RFQ RFQ0001733: Error: Cannot destructure property 'rfq_number' of 'req.params' as it is undefined.
    at ResMocker.json (/app/src/utils/resMocker.js:36:13)
    at sendResponse (/app/src/helper/log.js:44:31)
    at exports.sendActionToCS (/app/src/controllers/qcfController.js:475:16)
    at process.processTicksAndRejections (node:internal/process/task_queues:95:5)
    at async exports.handleExpiredCSReview (/app/src/services/prService.js:551:17)
    at async runCronTasks (/app/src/cron.js:80:9)
    at async cronJob (/app/src/cron.js:108:5)
Moment Timezone has no data for +07:00. See http://momentjs.com/timezone/docs/#/data-loading/.
Moment Timezone has no data for +07:00. See http://momentjs.com/timezone/docs/#/data-loading/.
Moment Timezone has no data for +07:00. See http://momentjs.com/timezone/docs/#/data-loading/.
Moment Timezone has no data for +07:00. See http://momentjs.com/timezone/docs/#/data-loading/.
Fetching not submitted RFQ items for RFQ RFQ0001735, Vendor Batch 2, Vendor Code undefined. Multi-vendor scenario: false
Failed to get vendor under CS not submit items for RFQ RFQ0001735
Moment Timezone has no data for +07:00. See http://momentjs.com/timezone/docs/#/data-loading/.
Failed to get vendor under CS surrogate items for RFQ RFQ0001735
{
  priceNotMatchItems: [ 4883 ],
  surrogateItems: [],
  notSubmitItems: [],
  declinedItemsVendor: [ 4883 ]
}
Found 1 RFQ(s) for expired CS price not match action for RFQ RFQ0001735
masuk kesini untuk requestnya :: {"rfq_tipe":"isourcing","items":[{"id":4883,"name":"SPRAYER","request_quantity":1,"request_price":"1000000.00","request_delivery_date":"2026-07-30T17:00:00.000Z","location":"Berau Head Office","rfq_number":"RFQ0001735","item_code":"17","vendor_code":"101962","offer_vendor_delivery_date":"2026-07-23T00:00:00.000Z","offer_vendor_price":"1400000.00","vendor_description":"SPRAYER MANUAL MALAYSIA PB369 SNI @16 LTR (STOK 1, SATUAN PCS) ➡️Frangko Toko IJT Kedaung/HO Tanjung Redeb\n","reject_reason":null,"vendor_reject_reason":null,"status_dic":1,"status_milestone":14,"offer_vendor_specification":null,"offer_vendor_brand":"MALAYSIA PB369 SNI @16 LTR","offer_vendor_warranty":0,"offer_vendor_sloc":"2002","offer_vendor_address_details":"Frangko Toko IJT / HO Pemuda","uom":"PC","plant_code":"B200","server_groups":"BCG","external_material_group":"8020","vendor_type":"direct","request_brand":"Sprayer 15L","request_warranty":0,"request_unit_item":"PC","request_sloc":"Binungan","plant_name":"Berau Head Office","specification_images":[{"filePath":"https://aigen-api.icosystem.id/uploads/images/images-1784794114481-713410312.png"}],"dic_reject_reason_images":null,"evidence":null,"offer_vendor_sloc_name":"Berau HO","deviations":{"quantity":{"request":"1 PC","offer":"1 PC","value":0,"has_deviation":false},"price":{"request":1000000,"offer":1400000,"value":400000,"formatted":"Rp400.000","has_deviation":true},"subtotal":{"request":1000000,"offer":1400000,"value":400000,"formatted":"Rp400.000","has_deviation":true},"delivery_date":{"request":"2026-07-30T17:00:00.000Z","request_formatted":"30 Jul 2026","offer":"2026-07-23T00:00:00.000Z","offer_formatted":"23 Jul 2026","days_diff":-7,"formatted":"-7 days","has_deviation":true},"brand":{"request":"Sprayer 15L","offer":"MALAYSIA PB369 SNI @16 LTR","status":"berbeda dengan PR","has_deviation":"Sprayer 15L"},"warranty":{"request":0,"offer":0,"request_formatted":"-","offer_formatted":"-","value":0,"formatted":"-","has_deviation":false},"delivery_address":{"request":"Binungan","offer":"Berau HO","vendor_sloc_codes":"2002","status":"SLOC berbeda dengan PR","has_deviation":true},"address_details":{"request":"-","offer":"Frangko Toko IJT / HO Pemuda","has_deviation":true}}}],"reason":"Auto-converted to iSourcing due to expired CS action","notes":"Auto-converted to iSourcing due to expired CS action","is_system_action":true}
Error during bulk RFQ update: TypeError: Cannot destructure property 'rfq_number' of 'req.params' as it is undefined.
    at exports.sendActionToCS (/app/src/controllers/qcfController.js:91:33)
    at process.processTicksAndRejections (node:internal/process/task_queues:95:5)
    at async exports.handleExpiredCSReview (/app/src/services/prService.js:551:17)
    at async runCronTasks (/app/src/cron.js:80:9)
    at async cronJob (/app/src/cron.js:108:5)
Failed to process expired CS action for RFQ RFQ0001735: Error: Cannot destructure property 'rfq_number' of 'req.params' as it is undefined.
    at ResMocker.json (/app/src/utils/resMocker.js:36:13)
    at sendResponse (/app/src/helper/log.js:44:31)
    at exports.sendActionToCS (/app/src/controllers/qcfController.js:475:16)
    at process.processTicksAndRejections (node:internal/process/task_queues:95:5)
    at async exports.handleExpiredCSReview (/app/src/services/prService.js:551:17)
    at async runCronTasks (/app/src/cron.js:80:9)
    at async cronJob (/app/src/cron.js:108:5)
Moment Timezone has no data for +07:00. See http://momentjs.com/timezone/docs/#/data-loading/.
Moment Timezone has no data for +07:00. See http://momentjs.com/timezone/docs/#/data-loading/.
Moment Timezone has no data for +07:00. See http://momentjs.com/timezone/docs/#/data-loading/.
Moment Timezone has no data for +07:00. See http://momentjs.com/timezone/docs/#/data-loading/.
Fetching not submitted RFQ items for RFQ RFQ0001734, Vendor Batch 2, Vendor Code undefined. Multi-vendor scenario: false
Failed to get vendor under CS not submit items for RFQ RFQ0001734
Moment Timezone has no data for +07:00. See http://momentjs.com/timezone/docs/#/data-loading/.
Failed to get vendor under CS surrogate items for RFQ RFQ0001734
{
  priceNotMatchItems: [ 4881 ],
  surrogateItems: [],
  notSubmitItems: [],
  declinedItemsVendor: [ 4881 ]
}
Found 1 RFQ(s) for expired CS price not match action for RFQ RFQ0001734
masuk kesini untuk requestnya :: {"rfq_tipe":"isourcing","items":[{"id":4881,"name":"INSECTICIDE;UNIMACEL400SC","request_quantity":10,"request_price":"45000.00","request_delivery_date":"2026-07-30T17:00:00.000Z","location":"Berau Head Office","rfq_number":"RFQ0001734","item_code":"15","vendor_code":"101805","offer_vendor_delivery_date":"2026-08-02T00:00:00.000Z","offer_vendor_price":"62000.00","vendor_description":"Unimacel 400sc efektif membasmi serangga pengunyah dan penghisap. seperti ulat,grayak,kutu daun,kutu putih,tripis dan wereng.","reject_reason":null,"vendor_reject_reason":null,"status_dic":1,"status_milestone":14,"offer_vendor_specification":null,"offer_vendor_brand":"Lokal/generik","offer_vendor_warranty":0,"offer_vendor_sloc":"2002","offer_vendor_address_details":"Jl. Durian III GG.Arjuna no5","uom":"L","plant_code":"B200","server_groups":"BCG","external_material_group":"6840","vendor_type":"direct","request_brand":"Insektisida Padi Unimacel","request_warranty":0,"request_unit_item":"L","request_sloc":"Binungan","plant_name":"Berau Head Office","specification_images":[{"filePath":"https://aigen-api.icosystem.id/uploads/images/images-1784799893455-805919561.jpeg"}],"dic_reject_reason_images":null,"evidence":null,"offer_vendor_sloc_name":"Berau HO","deviations":{"quantity":{"request":"10 L","offer":"10 L","value":0,"has_deviation":false},"price":{"request":45000,"offer":62000,"value":17000,"formatted":"Rp17.000","has_deviation":true},"subtotal":{"request":450000,"offer":620000,"value":170000,"formatted":"Rp170.000","has_deviation":true},"delivery_date":{"request":"2026-07-30T17:00:00.000Z","request_formatted":"30 Jul 2026","offer":"2026-08-02T00:00:00.000Z","offer_formatted":"02 Aug 2026","days_diff":3,"formatted":"3 days","has_deviation":true},"brand":{"request":"Insektisida Padi Unimacel","offer":"Lokal/generik","status":"berbeda dengan PR","has_deviation":"Insektisida Padi Unimacel"},"warranty":{"request":0,"offer":0,"request_formatted":"-","offer_formatted":"-","value":0,"formatted":"-","has_deviation":false},"delivery_address":{"request":"Binungan","offer":"Berau HO","vendor_sloc_codes":"2002","status":"SLOC berbeda dengan PR","has_deviation":true},"address_details":{"request":"-","offer":"Jl. Durian III GG.Arjuna no5","has_deviation":true}}}],"reason":"Auto-converted to iSourcing due to expired CS action","notes":"Auto-converted to iSourcing due to expired CS action","is_system_action":true}
Error during bulk RFQ update: TypeError: Cannot destructure property 'rfq_number' of 'req.params' as it is undefined.
    at exports.sendActionToCS (/app/src/controllers/qcfController.js:91:33)
    at process.processTicksAndRejections (node:internal/process/task_queues:95:5)
    at async exports.handleExpiredCSReview (/app/src/services/prService.js:551:17)
    at async runCronTasks (/app/src/cron.js:80:9)
    at async cronJob (/app/src/cron.js:108:5)
Failed to process expired CS action for RFQ RFQ0001734: Error: Cannot destructure property 'rfq_number' of 'req.params' as it is undefined.
    at ResMocker.json (/app/src/utils/resMocker.js:36:13)
    at sendResponse (/app/src/helper/log.js:44:31)
    at exports.sendActionToCS (/app/src/controllers/qcfController.js:475:16)
    at process.processTicksAndRejections (node:internal/process/task_queues:95:5)
    at async exports.handleExpiredCSReview (/app/src/services/prService.js:551:17)
    at async runCronTasks (/app/src/cron.js:80:9)
    at async cronJob (/app/src/cron.js:108:5)
Moment Timezone has no data for +07:00. See http://momentjs.com/timezone/docs/#/data-loading/.
Moment Timezone has no data for +07:00. See http://momentjs.com/timezone/docs/#/data-loading/.
Moment Timezone has no data for +07:00. See http://momentjs.com/timezone/docs/#/data-loading/.
Moment Timezone has no data for +07:00. See http://momentjs.com/timezone/docs/#/data-loading/.
Fetching not submitted RFQ items for RFQ RFQ0001755, Vendor Batch 2, Vendor Code undefined. Multi-vendor scenario: false
Failed to get vendor under CS not submit items for RFQ RFQ0001755
Moment Timezone has no data for +07:00. See http://momentjs.com/timezone/docs/#/data-loading/.
Failed to get vendor under CS surrogate items for RFQ RFQ0001755
{
  priceNotMatchItems: [ 4940 ],
  surrogateItems: [],
  notSubmitItems: [],
  declinedItemsVendor: [ 4940 ]
}
Found 1 RFQ(s) for expired CS price not match action for RFQ RFQ0001755
masuk kesini untuk requestnya :: {"rfq_tipe":"isourcing","items":[{"id":4940,"name":"LAMP,INCAND;LED;BULB;19W;220","request_quantity":48,"request_price":"83000.00","request_delivery_date":"2026-08-05T17:00:00.000Z","location":"PT. Mutiara Tanjung Lestari","rfq_number":"RFQ0001755","item_code":"4","vendor_code":"101962","offer_vendor_delivery_date":"2026-07-25T00:00:00.000Z","offer_vendor_price":"100000.00","vendor_description":"LAMPU LED 19W PHILIPS (STOK 68, SATUAN PCS) ➡️Frangko Toko IJT Kedaung/HO Tanjung Redeb\n","reject_reason":null,"vendor_reject_reason":null,"status_dic":1,"status_milestone":14,"offer_vendor_specification":null,"offer_vendor_brand":"Philips","offer_vendor_warranty":0,"offer_vendor_sloc":"5001","offer_vendor_address_details":"Frangko Toko IJT / HO Pemuda","uom":"PC","plant_code":"C100","server_groups":"BCG","external_material_group":"6240","vendor_type":"direct","request_brand":"Philips","request_warranty":0,"request_unit_item":"PC","request_sloc":"BC-Sambarata","plant_name":"PT. Mutiara Tanjung Lestari","specification_images":[{"filePath":"https://aigen-api.icosystem.id/uploads/images/images-1784955116554-731071310.png"}],"dic_reject_reason_images":null,"evidence":null,"offer_vendor_sloc_name":"BC-HO","deviations":{"quantity":{"request":"48 PC","offer":"48 PC","value":0,"has_deviation":false},"price":{"request":83000,"offer":100000,"value":17000,"formatted":"Rp17.000","has_deviation":true},"subtotal":{"request":3984000,"offer":4800000,"value":816000,"formatted":"Rp816.000","has_deviation":true},"delivery_date":{"request":"2026-08-05T17:00:00.000Z","request_formatted":"05 Aug 2026","offer":"2026-07-25T00:00:00.000Z","offer_formatted":"25 Jul 2026","days_diff":-11,"formatted":"-11 days","has_deviation":true},"brand":{"request":"Philips","offer":"Philips","status":"sama dengan PR","has_deviation":false},"warranty":{"request":0,"offer":0,"request_formatted":"-","offer_formatted":"-","value":0,"formatted":"-","has_deviation":false},"delivery_address":{"request":"BC-Sambarata","offer":"BC-HO","vendor_sloc_codes":"5001","status":"SLOC berbeda dengan PR","has_deviation":true},"address_details":{"request":"-","offer":"Frangko Toko IJT / HO Pemuda","has_deviation":true}}}],"reason":"Auto-converted to iSourcing due to expired CS action","notes":"Auto-converted to iSourcing due to expired CS action","is_system_action":true}
Error during bulk RFQ update: TypeError: Cannot destructure property 'rfq_number' of 'req.params' as it is undefined.
    at exports.sendActionToCS (/app/src/controllers/qcfController.js:91:33)
    at process.processTicksAndRejections (node:internal/process/task_queues:95:5)
    at async exports.handleExpiredCSReview (/app/src/services/prService.js:551:17)
    at async runCronTasks (/app/src/cron.js:80:9)
    at async cronJob (/app/src/cron.js:108:5)
Failed to process expired CS action for RFQ RFQ0001755: Error: Cannot destructure property 'rfq_number' of 'req.params' as it is undefined.
    at ResMocker.json (/app/src/utils/resMocker.js:36:13)
    at sendResponse (/app/src/helper/log.js:44:31)
    at exports.sendActionToCS (/app/src/controllers/qcfController.js:475:16)
    at process.processTicksAndRejections (node:internal/process/task_queues:95:5)
    at async exports.handleExpiredCSReview (/app/src/services/prService.js:551:17)
    at async runCronTasks (/app/src/cron.js:80:9)
    at async cronJob (/app/src/cron.js:108:5)
Moment Timezone has no data for +07:00. See http://momentjs.com/timezone/docs/#/data-loading/.
Moment Timezone has no data for +07:00. See http://momentjs.com/timezone/docs/#/data-loading/.
Moment Timezone has no data for +07:00. See http://momentjs.com/timezone/docs/#/data-loading/.
Moment Timezone has no data for +07:00. See http://momentjs.com/timezone/docs/#/data-loading/.
Fetching not submitted RFQ items for RFQ RFQ0001760, Vendor Batch 2, Vendor Code undefined. Multi-vendor scenario: false
Failed to get vendor under CS not submit items for RFQ RFQ0001760
Moment Timezone has no data for +07:00. See http://momentjs.com/timezone/docs/#/data-loading/.
Failed to get vendor under CS surrogate items for RFQ RFQ0001760
{
  priceNotMatchItems: [ 4948 ],
  surrogateItems: [],
  notSubmitItems: [],
  declinedItemsVendor: [ 4948 ]
}
Found 1 RFQ(s) for expired CS price not match action for RFQ RFQ0001760
masuk kesini untuk requestnya :: {"rfq_tipe":"isourcing","items":[{"id":4948,"name":"CABLE LUG;SC 35MM","request_quantity":10,"request_price":"8000.00","request_delivery_date":"2026-07-28T17:00:00.000Z","location":"PT. Mutiara Tanjung Lestari","rfq_number":"RFQ0001760","item_code":"2","vendor_code":"101962","offer_vendor_delivery_date":"2026-07-25T00:00:00.000Z","offer_vendor_price":"10000.00","vendor_description":"SCUN CABLE SC35-10 (STOK 10, SATUAN PCS) ➡️Frangko Toko IJT Kedaung/HO Tanjung Redeb\n","reject_reason":null,"vendor_reject_reason":null,"status_dic":1,"status_milestone":14,"offer_vendor_specification":null,"offer_vendor_brand":"-","offer_vendor_warranty":0,"offer_vendor_sloc":"5001","offer_vendor_address_details":"Frangko Toko IJT / HO Pemuda","uom":"PC","plant_code":"C100","server_groups":"BCG","external_material_group":"5940","vendor_type":"direct","request_brand":"-","request_warranty":0,"request_unit_item":"PC","request_sloc":"BC-Sambarata","plant_name":"PT. Mutiara Tanjung Lestari","specification_images":[{"filePath":"https://aigen-api.icosystem.id/uploads/images/images-1784953482805-139958464.png"}],"dic_reject_reason_images":null,"evidence":null,"offer_vendor_sloc_name":"BC-HO","deviations":{"quantity":{"request":"10 PC","offer":"10 PC","value":0,"has_deviation":false},"price":{"request":8000,"offer":10000,"value":2000,"formatted":"Rp2.000","has_deviation":true},"subtotal":{"request":80000,"offer":100000,"value":20000,"formatted":"Rp20.000","has_deviation":true},"delivery_date":{"request":"2026-07-28T17:00:00.000Z","request_formatted":"28 Jul 2026","offer":"2026-07-25T00:00:00.000Z","offer_formatted":"25 Jul 2026","days_diff":-3,"formatted":"-3 days","has_deviation":true},"brand":{"request":"-","offer":"-","status":"sama dengan PR","has_deviation":false},"warranty":{"request":0,"offer":0,"request_formatted":"-","offer_formatted":"-","value":0,"formatted":"-","has_deviation":false},"delivery_address":{"request":"BC-Sambarata","offer":"BC-HO","vendor_sloc_codes":"5001","status":"SLOC berbeda dengan PR","has_deviation":true},"address_details":{"request":"-","offer":"Frangko Toko IJT / HO Pemuda","has_deviation":true}}}],"reason":"Auto-converted to iSourcing due to expired CS action","notes":"Auto-converted to iSourcing due to expired CS action","is_system_action":true}
Error during bulk RFQ update: TypeError: Cannot destructure property 'rfq_number' of 'req.params' as it is undefined.
    at exports.sendActionToCS (/app/src/controllers/qcfController.js:91:33)
    at process.processTicksAndRejections (node:internal/process/task_queues:95:5)
    at async exports.handleExpiredCSReview (/app/src/services/prService.js:551:17)
    at async runCronTasks (/app/src/cron.js:80:9)
    at async cronJob (/app/src/cron.js:108:5)
Failed to process expired CS action for RFQ RFQ0001760: Error: Cannot destructure property 'rfq_number' of 'req.params' as it is undefined.
    at ResMocker.json (/app/src/utils/resMocker.js:36:13)
    at sendResponse (/app/src/helper/log.js:44:31)
    at exports.sendActionToCS (/app/src/controllers/qcfController.js:475:16)
    at process.processTicksAndRejections (node:internal/process/task_queues:95:5)
    at async exports.handleExpiredCSReview (/app/src/services/prService.js:551:17)
    at async runCronTasks (/app/src/cron.js:80:9)
    at async cronJob (/app/src/cron.js:108:5)
Moment Timezone has no data for +07:00. See http://momentjs.com/timezone/docs/#/data-loading/.
Moment Timezone has no data for +07:00. See http://momentjs.com/timezone/docs/#/data-loading/.
Moment Timezone has no data for +07:00. See http://momentjs.com/timezone/docs/#/data-loading/.
Moment Timezone has no data for +07:00. See http://momentjs.com/timezone/docs/#/data-loading/.
Fetching not submitted RFQ items for RFQ RFQ0001719, Vendor Batch 2, Vendor Code undefined. Multi-vendor scenario: false
Failed to get vendor under CS not submit items for RFQ RFQ0001719
Moment Timezone has no data for +07:00. See http://momentjs.com/timezone/docs/#/data-loading/.
Failed to get vendor under CS surrogate items for RFQ RFQ0001719
{
  priceNotMatchItems: [ 4840 ],
  surrogateItems: [],
  notSubmitItems: [],
  declinedItemsVendor: [ 4840 ]
}
Found 1 RFQ(s) for expired CS price not match action for RFQ RFQ0001719
masuk kesini untuk requestnya :: {"rfq_tipe":"isourcing","items":[{"id":4840,"name":"SOFTWARE;MICROSOFT OFFICE MAC 2024","request_quantity":1,"request_price":"4250000.00","request_delivery_date":"2026-07-28T17:00:00.000Z","location":"PT Borneo Indobara","rfq_number":"RFQ0001719","item_code":"40","vendor_code":"107395","offer_vendor_delivery_date":"2026-08-04T00:00:00.000Z","offer_vendor_price":"6527000.00","vendor_description":"Office for MAC 2024","reject_reason":null,"vendor_reject_reason":null,"status_dic":1,"status_milestone":14,"offer_vendor_specification":null,"offer_vendor_brand":"Microsoft","offer_vendor_warranty":0,"offer_vendor_sloc":"3001","offer_vendor_address_details":"Sesuai Mills","uom":"UN","plant_code":"O301","server_groups":"GEMS","external_material_group":"7030","vendor_type":"direct","request_brand":"-","request_warranty":0,"request_unit_item":"UN","request_sloc":null,"plant_name":"PT Borneo Indobara","specification_images":[{"filePath":"https://aigen-api.icosystem.id/uploads/images/images-1784686424008-606311189.png"}],"dic_reject_reason_images":null,"evidence":null,"offer_vendor_sloc_name":"General","deviations":{"quantity":{"request":"1 UN","offer":"1 UN","value":0,"has_deviation":false},"price":{"request":4250000,"offer":6527000,"value":2277000,"formatted":"Rp2.277.000","has_deviation":true},"subtotal":{"request":4250000,"offer":6527000,"value":2277000,"formatted":"Rp2.277.000","has_deviation":true},"delivery_date":{"request":"2026-07-28T17:00:00.000Z","request_formatted":"28 Jul 2026","offer":"2026-08-04T00:00:00.000Z","offer_formatted":"04 Aug 2026","days_diff":7,"formatted":"7 days","has_deviation":true},"brand":{"request":"-","offer":"Microsoft","status":"berbeda dengan PR","has_deviation":"-"},"warranty":{"request":0,"offer":0,"request_formatted":"-","offer_formatted":"-","value":0,"formatted":"-","has_deviation":false},"delivery_address":{"request":"-","offer":"General","vendor_sloc_codes":"3001","status":"SLOC berbeda dengan PR","has_deviation":true},"address_details":{"request":"-","offer":"Sesuai Mills","has_deviation":true}}}],"reason":"Auto-converted to iSourcing due to expired CS action","notes":"Auto-converted to iSourcing due to expired CS action","is_system_action":true}
Error during bulk RFQ update: TypeError: Cannot destructure property 'rfq_number' of 'req.params' as it is undefined.
    at exports.sendActionToCS (/app/src/controllers/qcfController.js:91:33)
    at process.processTicksAndRejections (node:internal/process/task_queues:95:5)
    at async exports.handleExpiredCSReview (/app/src/services/prService.js:551:17)
    at async runCronTasks (/app/src/cron.js:80:9)
    at async cronJob (/app/src/cron.js:108:5)
Failed to process expired CS action for RFQ RFQ0001719: Error: Cannot destructure property 'rfq_number' of 'req.params' as it is undefined.
    at ResMocker.json (/app/src/utils/resMocker.js:36:13)
    at sendResponse (/app/src/helper/log.js:44:31)
    at exports.sendActionToCS (/app/src/controllers/qcfController.js:475:16)
    at process.processTicksAndRejections (node:internal/process/task_queues:95:5)
    at async exports.handleExpiredCSReview (/app/src/services/prService.js:551:17)
    at async runCronTasks (/app/src/cron.js:80:9)
    at async cronJob (/app/src/cron.js:108:5)
Starting cron job for OE review expiration...
Processing expired CS OE action for RFQ numbers: []
Starting cron job for CL review expiration...
Processing expired CL action for QCF numbers: []
Starting cron job for management review expiration...
Processing expired Management review action for QCF numbers: [
  'QCF0000416', 'QCF0000447',
  'QCF0000450', 'QCF0000452',
  'QCF0000453', 'QCF0000461',
  'QCF0000463', 'QCF0000464',
  'QCF0000473', 'QCF0000474',
  'QCF0000476', 'QCF0000477',
  'QCF0000480', 'QCF0000483',
  'QCF0000484', 'QCF0000487',
  'QCF0000490', 'QCF0000497',
  'QCF0000498', 'QCF0000499',
  'QCF0000500', 'QCF0000501',
  'QCF0000502', 'QCF0000504',
  'QCF0000512', 'QCF0000567'
]
{
  requiresManagement: false,
  management_approved_at: 2026-03-18T02:27:24.000Z,
  qcf_approved: 1,
  userOwnsCategory: true,
  cl_approved_at: 2026-03-17T23:33:47.000Z
}
Found 1 RFQ(s) for expired Management action for RFQ RFQ0000989
masuk kesini untuk requestnya :: {"rfq_tipe":"isourcing","items":[{"id":2936,"uuid":"1b82de99-1d4c-11f1-a864-42010a0c15dd","rfq_number":"RFQ0000989","pr_number":"1100013628","item_code":"8","item_text":"ADHESIVE;PIONEER;EPOXY","quantity":5,"uom":"SET","item_value":"150000.00","src_value":null,"src_currency":null,"gl_account_code":null,"cost_center_code":null,"value_idr":null,"convert_value":null,"convert_currency":null,"vendor_price":"112000.00","delivery_date":"2026-03-19T17:00:00.000Z","vendor_delivery_date":"2026-03-14T00:00:00.000Z","vendor_description":"LEM EPOXY STRUKTURAL PIONEER 713 G (STOK PREPARE 2-3 HARI, SATUAN SET) ➡️Frangko Toko IJT Kedaung/HO Tanjung Redeb\n\nMemiliki 4 Fungsi sekaligus yaitu :\nMEREKATKAN, MENGISI, MENYEGEL dan MEMPERBAIKI pada struktur bangunan.\n","reject_reason":null,"vendor_reject_reason":null,"pr_release_date":"2026-03-11T06:55:14.000Z","location":null,"server_groups":"BCG","purchase_group_code":"C53","purchase_group":"Logistic BC (MTL)","pr_requestor_user":"Agus SB","pr_requestor_email":"agus.setiabudi@ckb.co.id;agus.setiabudi@mtl.co.id","pr_creator_user":"Agus Setia Budi","pr_creator_email":"agus.setiabudi@mtl.co.id","pr_material_group_number":"8000","pr_material_group":"BRUSHES, PAINTS, SEALERS, AND ADHESIVES","external_material_group":"8040","vendor_code":"101962","vendor_code_2":"","plant_code":"C100","plant_name":"PT. Mutiara Tanjung Lestari","company_name":"PT. Mutiara Tanjung Lestari","company_address":"- Jl. Pemuda No.40, Tanjung Redeb,77311,Berau, Kalimantan Timur,Indonesia","sap_material_number":"4100000094","cs_id":72,"cl_id":4,"status_vendor":1,"vendor_batch":4,"vendor_sequence":null,"status_dic":1,"dic_batch":2,"tipe_rfq":null,"quotation_number":"26-03-0611","quotation_date":"2026-03-14T01:18:51.000Z","cl_comment":null,"status_milestone":14,"dept_head_name":null,"dept_head_email":null,"document_type":"ZST","spend_channel":null,"sourcing_reason":null,"sourcing_notes":"PR with number B1100013628 already exists. No new items were added.","vendor_type":"direct","category":"GSL","sub_category":null,"sub_category_id":null,"vendor_specification":null,"vendor_brand":"EPOXY STRUKTURAL PIONEER","vendor_warranty":0,"vendor_sloc":"5001","vendor_address_details":"(Frangko Toko IJT/HO Tanjung Redeb)\n","createdAt":"2026-03-11T13:13:34.000Z","updatedAt":"2026-07-25T01:00:39.000Z"}],"reason":"Auto-converted to iSourcing due to expired Management action","notes":"Auto-converted to iSourcing due to expired Management action","is_system_action":true}
Error during bulk RFQ update: TypeError: Cannot destructure property 'rfq_number' of 'req.params' as it is undefined.
    at exports.sendActionToCS (/app/src/controllers/qcfController.js:91:33)
    at process.processTicksAndRejections (node:internal/process/task_queues:95:5)
    at async exports.handleExpiredManagementReview (/app/src/services/qcfService.js:158:17)
    at async runCronTasks (/app/src/cron.js:97:9)
    at async cronJob (/app/src/cron.js:108:5)
Failed to process expired Management action for RFQ RFQ0000989: Error: Cannot destructure property 'rfq_number' of 'req.params' as it is undefined.
    at ResMocker.json (/app/src/utils/resMocker.js:36:13)
    at sendResponse (/app/src/helper/log.js:44:31)
    at exports.sendActionToCS (/app/src/controllers/qcfController.js:475:16)
    at process.processTicksAndRejections (node:internal/process/task_queues:95:5)
    at async exports.handleExpiredManagementReview (/app/src/services/qcfService.js:158:17)
    at async runCronTasks (/app/src/cron.js:97:9)
    at async cronJob (/app/src/cron.js:108:5)
{
  requiresManagement: false,
  management_approved_at: 2026-04-07T12:50:44.000Z,
  qcf_approved: 1,
  userOwnsCategory: true,
  cl_approved_at: 2026-04-07T11:19:25.000Z
}
Found 1 RFQ(s) for expired Management action for RFQ RFQ0001140
masuk kesini untuk requestnya :: {"rfq_tipe":"isourcing","items":[{"id":3390,"uuid":"98072ff9-3188-11f1-8655-42010a0c15e1","rfq_number":"RFQ0001140","pr_number":"1100013678","item_code":"6","item_text":"REGULATOR,GAS;ACETYLINE;ESS4-15-993","quantity":1,"uom":"PC","item_value":"2995000.00","src_value":null,"src_currency":null,"gl_account_code":null,"cost_center_code":null,"value_idr":null,"convert_value":null,"convert_currency":null,"vendor_price":"2990000.00","delivery_date":"2026-03-24T17:00:00.000Z","vendor_delivery_date":"2026-05-25T00:00:00.000Z","vendor_description":"VICTOR ESS4-15-993","reject_reason":null,"vendor_reject_reason":null,"pr_release_date":"2026-04-06T03:20:51.000Z","location":null,"server_groups":"BCG","purchase_group_code":"C53","purchase_group":"Logistic BC (MTL)","pr_requestor_user":"Chrystyan","pr_requestor_email":"inventory.control@beraucoal.co.id","pr_creator_user":"Aditya Rismana","pr_creator_email":"aditya.rismana@beraucoal.co.id","pr_material_group_number":"6600","pr_material_group":"INSTRUMENTS AND LABORATORY EQUIPMENT","external_material_group":"6685","vendor_code":"102768","vendor_code_2":"","plant_code":"C100","plant_name":"PT. Mutiara Tanjung Lestari","company_name":"PT. Mutiara Tanjung Lestari","company_address":"- Jl. Pemuda No.40, Tanjung Redeb,77311,Berau, Kalimantan Timur,Indonesia","sap_material_number":"5108035732","cs_id":68,"cl_id":65,"status_vendor":1,"vendor_batch":2,"vendor_sequence":null,"status_dic":1,"dic_batch":1,"tipe_rfq":null,"quotation_number":"26041","quotation_date":"2026-04-06T10:20:00.000Z","cl_comment":null,"status_milestone":20,"dept_head_name":null,"dept_head_email":null,"document_type":"ZST","spend_channel":null,"sourcing_reason":null,"sourcing_notes":"PR with number B1100013678 already exists. No new items were added.","vendor_type":"direct","category":"MRR","sub_category":null,"sub_category_id":null,"vendor_specification":null,"vendor_brand":"Victor","vendor_warranty":0,"vendor_sloc":"5001","vendor_address_details":"","createdAt":"2026-04-06T07:16:56.000Z","updatedAt":"2026-07-25T01:00:39.000Z"}],"reason":"Auto-converted to iSourcing due to expired Management action","notes":"Auto-converted to iSourcing due to expired Management action","is_system_action":true}
Error during bulk RFQ update: TypeError: Cannot destructure property 'rfq_number' of 'req.params' as it is undefined.
    at exports.sendActionToCS (/app/src/controllers/qcfController.js:91:33)
    at process.processTicksAndRejections (node:internal/process/task_queues:95:5)
    at async exports.handleExpiredManagementReview (/app/src/services/qcfService.js:158:17)
    at async runCronTasks (/app/src/cron.js:97:9)
    at async cronJob (/app/src/cron.js:108:5)
Failed to process expired Management action for RFQ RFQ0001140: Error: Cannot destructure property 'rfq_number' of 'req.params' as it is undefined.
    at ResMocker.json (/app/src/utils/resMocker.js:36:13)
    at sendResponse (/app/src/helper/log.js:44:31)
    at exports.sendActionToCS (/app/src/controllers/qcfController.js:475:16)
    at process.processTicksAndRejections (node:internal/process/task_queues:95:5)
    at async exports.handleExpiredManagementReview (/app/src/services/qcfService.js:158:17)
    at async runCronTasks (/app/src/cron.js:97:9)
    at async cronJob (/app/src/cron.js:108:5)
{
  requiresManagement: false,
  management_approved_at: 2026-04-12T07:44:41.000Z,
  qcf_approved: 1,
  userOwnsCategory: true,
  cl_approved_at: 2026-04-10T21:53:45.000Z
}
Found 1 RFQ(s) for expired Management action for RFQ RFQ0001091
masuk kesini untuk requestnya :: {"rfq_tipe":"isourcing","items":[{"id":3273,"uuid":"063cdf79-2cd1-11f1-b6c3-42010a0c15dd","rfq_number":"RFQ0001091","pr_number":"1100013630","item_code":"7","item_text":"INK,PRINTING;EPSON T6644;YLW","quantity":10,"uom":"PC","item_value":"112000.00","src_value":null,"src_currency":null,"gl_account_code":null,"cost_center_code":null,"value_idr":null,"convert_value":null,"convert_currency":null,"vendor_price":"115000.00","delivery_date":"2026-03-24T17:00:00.000Z","vendor_delivery_date":"2026-04-10T00:00:00.000Z","vendor_description":"REfill epson 664 Yellow","reject_reason":null,"vendor_reject_reason":null,"pr_release_date":"2026-03-31T03:42:50.000Z","location":null,"server_groups":"BCG","purchase_group_code":"C53","purchase_group":"Logistic BC (MTL)","pr_requestor_user":"Agus SB","pr_requestor_email":"agus.setiabudi@ckb.co.id;agus.setiabudi@mtl.co.id","pr_creator_user":"Agus Setia Budi","pr_creator_email":"agus.setiabudi@mtl.co.id","pr_material_group_number":"7500","pr_material_group":"OFFICE SUPPLY","external_material_group":"7510","vendor_code":"100433","vendor_code_2":"","plant_code":"C100","plant_name":"PT. Mutiara Tanjung Lestari","company_name":"PT. Mutiara Tanjung Lestari","company_address":"- Jl. Pemuda No.40, Tanjung Redeb,77311,Berau, Kalimantan Timur,Indonesia","sap_material_number":"5000035992","cs_id":72,"cl_id":4,"status_vendor":1,"vendor_batch":2,"vendor_sequence":null,"status_dic":1,"dic_batch":1,"tipe_rfq":null,"quotation_number":"RFQ00001091","quotation_date":"2026-04-07T03:15:20.000Z","cl_comment":null,"status_milestone":20,"dept_head_name":null,"dept_head_email":null,"document_type":"ZST","spend_channel":null,"sourcing_reason":null,"sourcing_notes":"PR with number B1100013630 already exists. No new items were added.","vendor_type":"direct","category":"GSL","sub_category":null,"sub_category_id":null,"vendor_specification":null,"vendor_brand":"epson","vendor_warranty":1,"vendor_sloc":"1002","vendor_address_details":"","createdAt":"2026-03-31T07:12:48.000Z","updatedAt":"2026-07-25T01:00:40.000Z"}],"reason":"Auto-converted to iSourcing due to expired Management action","notes":"Auto-converted to iSourcing due to expired Management action","is_system_action":true}
Error during bulk RFQ update: TypeError: Cannot destructure property 'rfq_number' of 'req.params' as it is undefined.
    at exports.sendActionToCS (/app/src/controllers/qcfController.js:91:33)
    at process.processTicksAndRejections (node:internal/process/task_queues:95:5)
    at async exports.handleExpiredManagementReview (/app/src/services/qcfService.js:158:17)
    at async runCronTasks (/app/src/cron.js:97:9)
    at async cronJob (/app/src/cron.js:108:5)
Failed to process expired Management action for RFQ RFQ0001091: Error: Cannot destructure property 'rfq_number' of 'req.params' as it is undefined.
    at ResMocker.json (/app/src/utils/resMocker.js:36:13)
    at sendResponse (/app/src/helper/log.js:44:31)
    at exports.sendActionToCS (/app/src/controllers/qcfController.js:475:16)
    at process.processTicksAndRejections (node:internal/process/task_queues:95:5)
    at async exports.handleExpiredManagementReview (/app/src/services/qcfService.js:158:17)
    at async runCronTasks (/app/src/cron.js:97:9)
    at async cronJob (/app/src/cron.js:108:5)
{
  requiresManagement: false,
  management_approved_at: 2026-04-10T04:23:56.000Z,
  qcf_approved: 1,
  userOwnsCategory: true,
  cl_approved_at: 2026-04-09T09:06:24.000Z
}
Found 1 RFQ(s) for expired Management action for RFQ RFQ0001131
masuk kesini untuk requestnya :: {"rfq_tipe":"isourcing","items":[{"id":3379,"uuid":"790cf80d-3188-11f1-8655-42010a0c15e1","rfq_number":"RFQ0001131","pr_number":"1100013676","item_code":"6","item_text":"HELMET,WELDERS;COVER PLATE;BLK;NO.12","quantity":10,"uom":"PC","item_value":"4000.00","src_value":null,"src_currency":null,"gl_account_code":null,"cost_center_code":null,"value_idr":null,"convert_value":null,"convert_currency":null,"vendor_price":"4000.00","delivery_date":"2026-04-29T17:00:00.000Z","vendor_delivery_date":"2026-04-08T00:00:00.000Z","vendor_description":"KACA LAS HITAM NO.12 (STOK 105, SATUAN PCS) ➡️Frangko Toko IJT Kedaung/HO Tanjung Redeb\n","reject_reason":null,"vendor_reject_reason":null,"pr_release_date":"2026-04-06T03:20:33.000Z","location":null,"server_groups":"BCG","purchase_group_code":"C53","purchase_group":"Logistic BC (MTL)","pr_requestor_user":"Chrystyan","pr_requestor_email":"inventory.control@beraucoal.co.id","pr_creator_user":"Aditya Rismana","pr_creator_email":"aditya.rismana@beraucoal.co.id","pr_material_group_number":"3400","pr_material_group":"METALWORKING MACHINERY","external_material_group":"3439","vendor_code":"101962","vendor_code_2":"","plant_code":"C100","plant_name":"PT. Mutiara Tanjung Lestari","company_name":"PT. Mutiara Tanjung Lestari","company_address":"- Jl. Pemuda No.40, Tanjung Redeb,77311,Berau, Kalimantan Timur,Indonesia","sap_material_number":"4108027623","cs_id":68,"cl_id":65,"status_vendor":1,"vendor_batch":2,"vendor_sequence":null,"status_dic":1,"dic_batch":1,"tipe_rfq":null,"quotation_number":"26-04-0744","quotation_date":"2026-04-08T08:58:52.000Z","cl_comment":null,"status_milestone":10,"dept_head_name":null,"dept_head_email":null,"document_type":"ZST","spend_channel":null,"sourcing_reason":null,"sourcing_notes":"PR with number B1100013676 already exists. No new items were added.","vendor_type":"direct","category":"MRR","sub_category":null,"sub_category_id":null,"vendor_specification":null,"vendor_brand":"-","vendor_warranty":0,"vendor_sloc":"5001","vendor_address_details":"(Frangko Toko IJT/HO Tanjung Redeb)\n","createdAt":"2026-04-06T07:16:04.000Z","updatedAt":"2026-07-25T01:00:40.000Z"}],"reason":"Auto-converted to iSourcing due to expired Management action","notes":"Auto-converted to iSourcing due to expired Management action","is_system_action":true}
Error during bulk RFQ update: TypeError: Cannot destructure property 'rfq_number' of 'req.params' as it is undefined.
    at exports.sendActionToCS (/app/src/controllers/qcfController.js:91:33)
    at process.processTicksAndRejections (node:internal/process/task_queues:95:5)
    at async exports.handleExpiredManagementReview (/app/src/services/qcfService.js:158:17)
    at async runCronTasks (/app/src/cron.js:97:9)
    at async cronJob (/app/src/cron.js:108:5)
Failed to process expired Management action for RFQ RFQ0001131: Error: Cannot destructure property 'rfq_number' of 'req.params' as it is undefined.
    at ResMocker.json (/app/src/utils/resMocker.js:36:13)
    at sendResponse (/app/src/helper/log.js:44:31)
    at exports.sendActionToCS (/app/src/controllers/qcfController.js:475:16)
    at process.processTicksAndRejections (node:internal/process/task_queues:95:5)
    at async exports.handleExpiredManagementReview (/app/src/services/qcfService.js:158:17)
    at async runCronTasks (/app/src/cron.js:97:9)
    at async cronJob (/app/src/cron.js:108:5)
{
  requiresManagement: false,
  management_approved_at: 2026-04-10T04:24:15.000Z,
  qcf_approved: 1,
  userOwnsCategory: true,
  cl_approved_at: 2026-04-09T09:06:53.000Z
}
Found 2 RFQ(s) for expired Management action for RFQ RFQ0001115
masuk kesini untuk requestnya :: {"rfq_tipe":"isourcing","items":[{"id":3358,"uuid":"3d756f37-3188-11f1-8655-42010a0c15e1","rfq_number":"RFQ0001115","pr_number":"1100013656","item_code":"9","item_text":"TAPE,INSUL,ELECT;SCOTCH SPR 33+;BLK","quantity":40,"uom":"ROL","item_value":"58000.00","src_value":null,"src_currency":null,"gl_account_code":null,"cost_center_code":null,"value_idr":null,"convert_value":null,"convert_currency":null,"vendor_price":"63000.00","delivery_date":"2026-04-06T17:00:00.000Z","vendor_delivery_date":"2026-04-08T00:00:00.000Z","vendor_description":"ISOLASI ELECTRIK 3M SCOTCH 33+ BLACK (STOK 84, SATUAN ROLL) ➡️Frangko Toko IJT Kedaung/HO Tanjung Redeb\n","reject_reason":null,"vendor_reject_reason":null,"pr_release_date":"2026-04-06T03:12:03.000Z","location":null,"server_groups":"BCG","purchase_group_code":"C53","purchase_group":"Logistic BC (MTL)","pr_requestor_user":"Chrystyan","pr_requestor_email":"inventory.control@beraucoal.co.id","pr_creator_user":"Aditya Rismana","pr_creator_email":"aditya.rismana@beraucoal.co.id","pr_material_group_number":"5900","pr_material_group":"ELECTRICAL","external_material_group":"5975","vendor_code":"101962","vendor_code_2":"","plant_code":"C100","plant_name":"PT. Mutiara Tanjung Lestari","company_name":"PT. Mutiara Tanjung Lestari","company_address":"- Jl. Pemuda No.40, Tanjung Redeb,77311,Berau, Kalimantan Timur,Indonesia","sap_material_number":"5008013300","cs_id":68,"cl_id":65,"status_vendor":1,"vendor_batch":2,"vendor_sequence":null,"status_dic":1,"dic_batch":1,"tipe_rfq":null,"quotation_number":"26-04-0741","quotation_date":"2026-04-08T08:41:07.000Z","cl_comment":null,"status_milestone":20,"dept_head_name":null,"dept_head_email":null,"document_type":"ZST","spend_channel":null,"sourcing_reason":null,"sourcing_notes":"PR with number B1100013656 already exists. No new items were added.","vendor_type":"direct","category":"MRR","sub_category":null,"sub_category_id":null,"vendor_specification":null,"vendor_brand":"3M","vendor_warranty":0,"vendor_sloc":"5001","vendor_address_details":"(Frangko Toko IJT/HO Tanjung Redeb)","createdAt":"2026-04-06T07:14:24.000Z","updatedAt":"2026-07-25T01:00:40.000Z"},{"id":3361,"uuid":"3d7a2181-3188-11f1-8655-42010a0c15e1","rfq_number":"RFQ0001115","pr_number":"1100013656","item_code":"3","item_text":"ELECTRODE,WELDING;LB-52U;2.6MM","quantity":80,"uom":"KG","item_value":"56000.00","src_value":null,"src_currency":null,"gl_account_code":null,"cost_center_code":null,"value_idr":null,"convert_value":null,"convert_currency":null,"vendor_price":"58000.00","delivery_date":"2026-04-06T17:00:00.000Z","vendor_delivery_date":"2026-04-08T00:00:00.000Z","vendor_description":"KAWAT LAS LB52U 2.6MM (STOK 120, SATUAN KG) ➡️Frangko Toko IJT Kedaung/HO Tanjung Redeb\n","reject_reason":null,"vendor_reject_reason":null,"pr_release_date":"2026-04-06T03:12:03.000Z","location":null,"server_groups":"BCG","purchase_group_code":"C53","purchase_group":"Logistic BC (MTL)","pr_requestor_user":"Chrystyan","pr_requestor_email":"inventory.control@beraucoal.co.id","pr_creator_user":"Aditya Rismana","pr_creator_email":"aditya.rismana@beraucoal.co.id","pr_material_group_number":"3400","pr_material_group":"METALWORKING MACHINERY","external_material_group":"3439","vendor_code":"101962","vendor_code_2":"","plant_code":"C100","plant_name":"PT. Mutiara Tanjung Lestari","company_name":"PT. Mutiara Tanjung Lestari","company_address":"- Jl. Pemuda No.40, Tanjung Redeb,77311,Berau, Kalimantan Timur,Indonesia","sap_material_number":"5008027540","cs_id":68,"cl_id":65,"status_vendor":1,"vendor_batch":2,"vendor_sequence":null,"status_dic":1,"dic_batch":1,"tipe_rfq":null,"quotation_number":"26-04-0741","quotation_date":"2026-04-08T08:41:07.000Z","cl_comment":null,"status_milestone":20,"dept_head_name":null,"dept_head_email":null,"document_type":"ZST","spend_channel":null,"sourcing_reason":null,"sourcing_notes":"PR with number B1100013656 already exists. No new items were added.","vendor_type":"direct","category":"MRR","sub_category":null,"sub_category_id":null,"vendor_specification":null,"vendor_brand":"KOBELCO","vendor_warranty":0,"vendor_sloc":"5001","vendor_address_details":"(Frangko Toko IJT/HO Tanjung Redeb)","createdAt":"2026-04-06T07:14:24.000Z","updatedAt":"2026-07-25T01:00:40.000Z"}],"reason":"Auto-converted to iSourcing due to expired Management action","notes":"Auto-converted to iSourcing due to expired Management action","is_system_action":true}
Error during bulk RFQ update: TypeError: Cannot destructure property 'rfq_number' of 'req.params' as it is undefined.
    at exports.sendActionToCS (/app/src/controllers/qcfController.js:91:33)
    at process.processTicksAndRejections (node:internal/process/task_queues:95:5)
    at async exports.handleExpiredManagementReview (/app/src/services/qcfService.js:158:17)
    at async runCronTasks (/app/src/cron.js:97:9)
    at async cronJob (/app/src/cron.js:108:5)
Failed to process expired Management action for RFQ RFQ0001115: Error: Cannot destructure property 'rfq_number' of 'req.params' as it is undefined.
    at ResMocker.json (/app/src/utils/resMocker.js:36:13)
    at sendResponse (/app/src/helper/log.js:44:31)
    at exports.sendActionToCS (/app/src/controllers/qcfController.js:475:16)
    at process.processTicksAndRejections (node:internal/process/task_queues:95:5)
    at async exports.handleExpiredManagementReview (/app/src/services/qcfService.js:158:17)
    at async runCronTasks (/app/src/cron.js:97:9)
    at async cronJob (/app/src/cron.js:108:5)
{
  requiresManagement: false,
  management_approved_at: 2026-04-12T07:45:20.000Z,
  qcf_approved: 1,
  userOwnsCategory: true,
  cl_approved_at: 2026-04-10T21:56:19.000Z
}
Found 1 RFQ(s) for expired Management action for RFQ RFQ0001149
masuk kesini untuk requestnya :: {"rfq_tipe":"isourcing","items":[{"id":3413,"uuid":"d858b1e2-334c-11f1-8655-42010a0c15e1","rfq_number":"RFQ0001149","pr_number":"1100013694","item_code":"1","item_text":"BINDER,LOOSE-LEAF;GOBI;GB 8401 F;FOLIO","quantity":10,"uom":"PC","item_value":"29000.00","src_value":null,"src_currency":null,"gl_account_code":null,"cost_center_code":null,"value_idr":null,"convert_value":null,"convert_currency":null,"vendor_price":"29000.00","delivery_date":"2026-04-17T17:00:00.000Z","vendor_delivery_date":"2026-04-18T00:00:00.000Z","vendor_description":"Odner GobiB401 ","reject_reason":null,"vendor_reject_reason":null,"pr_release_date":"2026-04-08T08:03:18.000Z","location":null,"server_groups":"BCG","purchase_group_code":"C53","purchase_group":"Logistic BC (MTL)","pr_requestor_user":"Agus SB","pr_requestor_email":"agus.setiabudi@ckb.co.id;agus.setiabudi@mtl.co.id","pr_creator_user":"Agus Setia Budi","pr_creator_email":"agus.setiabudi@mtl.co.id","pr_material_group_number":"7500","pr_material_group":"OFFICE SUPPLY","external_material_group":"7510","vendor_code":"100433","vendor_code_2":"","plant_code":"C100","plant_name":"PT. Mutiara Tanjung Lestari","company_name":"PT. Mutiara Tanjung Lestari","company_address":"- Jl. Pemuda No.40, Tanjung Redeb,77311,Berau, Kalimantan Timur,Indonesia","sap_material_number":"5000011114","cs_id":72,"cl_id":4,"status_vendor":1,"vendor_batch":2,"vendor_sequence":null,"status_dic":1,"dic_batch":1,"tipe_rfq":null,"quotation_number":"RFQ0001149","quotation_date":"2026-04-09T04:09:58.000Z","cl_comment":null,"status_milestone":10,"dept_head_name":null,"dept_head_email":null,"document_type":"ZST","spend_channel":null,"sourcing_reason":null,"sourcing_notes":"PR with number B1100013694 already exists. No new items were added.","vendor_type":"direct","category":"GSL","sub_category":null,"sub_category_id":null,"vendor_specification":null,"vendor_brand":"Gobi","vendor_warranty":1,"vendor_sloc":"5001","vendor_address_details":"","createdAt":"2026-04-08T13:14:16.000Z","updatedAt":"2026-07-25T01:00:41.000Z"}],"reason":"Auto-converted to iSourcing due to expired Management action","notes":"Auto-converted to iSourcing due to expired Management action","is_system_action":true}
Error during bulk RFQ update: TypeError: Cannot destructure property 'rfq_number' of 'req.params' as it is undefined.
    at exports.sendActionToCS (/app/src/controllers/qcfController.js:91:33)
    at process.processTicksAndRejections (node:internal/process/task_queues:95:5)
    at async exports.handleExpiredManagementReview (/app/src/services/qcfService.js:158:17)
    at async runCronTasks (/app/src/cron.js:97:9)
    at async cronJob (/app/src/cron.js:108:5)
Failed to process expired Management action for RFQ RFQ0001149: Error: Cannot destructure property 'rfq_number' of 'req.params' as it is undefined.
    at ResMocker.json (/app/src/utils/resMocker.js:36:13)
    at sendResponse (/app/src/helper/log.js:44:31)
    at exports.sendActionToCS (/app/src/controllers/qcfController.js:475:16)
    at process.processTicksAndRejections (node:internal/process/task_queues:95:5)
    at async exports.handleExpiredManagementReview (/app/src/services/qcfService.js:158:17)
    at async runCronTasks (/app/src/cron.js:97:9)
    at async cronJob (/app/src/cron.js:108:5)
{
  requiresManagement: true,
  management_approved_at: 2026-05-05T15:15:43.000Z,
  qcf_approved: 1,
  userOwnsCategory: true,
  cl_approved_at: 2026-05-05T11:11:38.000Z
}
Found 1 RFQ(s) for expired Management action for RFQ RFQ0001159
masuk kesini untuk requestnya :: {"rfq_tipe":"isourcing","items":[{"id":3451,"uuid":"6c7f242c-37d1-11f1-8655-42010a0c15e1","rfq_number":"RFQ0001159","pr_number":"1200027649","item_code":"3","item_text":"MEMORY CARD;MICRO SD EXTREME PRO;256GB;2","quantity":2,"uom":"PC","item_value":"1349000.00","src_value":null,"src_currency":null,"gl_account_code":null,"cost_center_code":null,"value_idr":null,"convert_value":null,"convert_currency":null,"vendor_price":"1366265.00","delivery_date":"2026-04-15T17:00:00.000Z","vendor_delivery_date":"2026-04-16T00:00:00.000Z","vendor_description":"Memory Card Micro SD Extreme PRO;256GB                      Apakah Item nya sudah sesuai ? ","reject_reason":null,"vendor_reject_reason":null,"pr_release_date":"2026-04-14T01:55:36.000Z","location":null,"server_groups":"BCG","purchase_group_code":"B55","purchase_group":"Survey&Geospatial","pr_requestor_user":"Yoki SR.","pr_requestor_email":"yoki.rajagukguk@beraucoalenergy.co.id","pr_creator_user":"SGI Dept","pr_creator_email":"adm-mpc@beraucoal.co.id","pr_material_group_number":"7000","pr_material_group":"ADP EQUIPMENT (COMPUTER, SOFTWARE & SUPPORT EQUIPMENT)","external_material_group":"7025","vendor_code":"105745","vendor_code_2":"","plant_code":"B200","plant_name":"Berau Head Office","company_name":"PT Berau Coal","company_address":"- Jl. Pemuda No. 40,77311,Tanjung Redeb,Indonesia","sap_material_number":"6200018161","cs_id":73,"cl_id":81,"status_vendor":1,"vendor_batch":2,"vendor_sequence":null,"status_dic":1,"dic_batch":1,"tipe_rfq":null,"quotation_number":"2026-04/GP-115","quotation_date":"2026-04-14T14:11:17.000Z","cl_comment":null,"status_milestone":10,"dept_head_name":null,"dept_head_email":null,"document_type":"ZDC","spend_channel":null,"sourcing_reason":null,"sourcing_notes":"PR with number B1200027649 already exists. No new items were added.","vendor_type":"direct","category":"IT","sub_category":null,"sub_category_id":null,"vendor_specification":null,"vendor_brand":"MicroSD Card (256 Gb)\t","vendor_warranty":0,"vendor_sloc":"2002","vendor_address_details":"Jl.Pemuda No.40; Tanjung Redeb Berau ","createdAt":"2026-04-14T07:13:23.000Z","updatedAt":"2026-07-25T01:00:41.000Z"}],"reason":"Auto-converted to iSourcing due to expired Management action","notes":"Auto-converted to iSourcing due to expired Management action","is_system_action":true}
Error during bulk RFQ update: TypeError: Cannot destructure property 'rfq_number' of 'req.params' as it is undefined.
    at exports.sendActionToCS (/app/src/controllers/qcfController.js:91:33)
    at process.processTicksAndRejections (node:internal/process/task_queues:95:5)
    at async exports.handleExpiredManagementReview (/app/src/services/qcfService.js:158:17)
    at async runCronTasks (/app/src/cron.js:97:9)
    at async cronJob (/app/src/cron.js:108:5)
Failed to process expired Management action for RFQ RFQ0001159: Error: Cannot destructure property 'rfq_number' of 'req.params' as it is undefined.
    at ResMocker.json (/app/src/utils/resMocker.js:36:13)
    at sendResponse (/app/src/helper/log.js:44:31)
    at exports.sendActionToCS (/app/src/controllers/qcfController.js:475:16)
    at process.processTicksAndRejections (node:internal/process/task_queues:95:5)
    at async exports.handleExpiredManagementReview (/app/src/services/qcfService.js:158:17)
    at async runCronTasks (/app/src/cron.js:97:9)
    at async cronJob (/app/src/cron.js:108:5)
{
  requiresManagement: false,
  management_approved_at: 2026-04-15T10:11:29.000Z,
  qcf_approved: 1,
  userOwnsCategory: true,
  cl_approved_at: 2026-04-15T04:42:56.000Z
}
Found 1 RFQ(s) for expired Management action for RFQ RFQ0001157
masuk kesini untuk requestnya :: {"rfq_tipe":"isourcing","items":[{"id":3448,"uuid":"ca9131f7-376c-11f1-8655-42010a0c15e1","rfq_number":"RFQ0001157","pr_number":"1100013619","item_code":"1","item_text":"HOSE,NONMTL;PLASTIC;1IN ID;YARN REINF","quantity":4,"uom":"PC","item_value":"1612000.00","src_value":null,"src_currency":null,"gl_account_code":null,"cost_center_code":null,"value_idr":null,"convert_value":null,"convert_currency":null,"vendor_price":"1250000.00","delivery_date":"2026-04-01T17:00:00.000Z","vendor_delivery_date":"2026-04-21T00:00:00.000Z","vendor_description":"SELANG BENANG 1\" @50 MTR (STOK 3 Roll Ready Stok IJT Berau (1 Indent 1 Minggu), SATUAN ROLL) ➡️Frangko Toko IJT Kedaung/HO Tanjung Redeb\n","reject_reason":null,"vendor_reject_reason":null,"pr_release_date":"2026-04-13T08:38:13.000Z","location":null,"server_groups":"BCG","purchase_group_code":"B53","purchase_group":"Logistic","pr_requestor_user":"Chrystyan","pr_requestor_email":"inventory.control@beraucoal.co.id","pr_creator_user":"Aditya Rismana","pr_creator_email":"aditya.rismana@beraucoal.co.id","pr_material_group_number":"4700","pr_material_group":"PIPE AND TUBE","external_material_group":"4710","vendor_code":"101962","vendor_code_2":"","plant_code":"B200","plant_name":"Berau Head Office","company_name":"PT Berau Coal","company_address":"- Jl. Pemuda No. 40,77311,Tanjung Redeb,Indonesia","sap_material_number":"4000023994","cs_id":68,"cl_id":65,"status_vendor":1,"vendor_batch":2,"vendor_sequence":null,"status_dic":1,"dic_batch":1,"tipe_rfq":null,"quotation_number":"26-04-0767","quotation_date":"2026-04-14T09:09:14.000Z","cl_comment":null,"status_milestone":10,"dept_head_name":null,"dept_head_email":null,"document_type":"ZST","spend_channel":null,"sourcing_reason":null,"sourcing_notes":"PR with number B1100013619 already exists. No new items were added.","vendor_type":"direct","category":"MRR","sub_category":null,"sub_category_id":null,"vendor_specification":null,"vendor_brand":"-","vendor_warranty":0,"vendor_sloc":"2002","vendor_address_details":"(Frangko Toko IJT/HO Tanjung Redeb)\n","createdAt":"2026-04-13T19:13:01.000Z","updatedAt":"2026-07-25T01:00:41.000Z"}],"reason":"Auto-converted to iSourcing due to expired Management action","notes":"Auto-converted to iSourcing due to expired Management action","is_system_action":true}
Error during bulk RFQ update: TypeError: Cannot destructure property 'rfq_number' of 'req.params' as it is undefined.
    at exports.sendActionToCS (/app/src/controllers/qcfController.js:91:33)
    at process.processTicksAndRejections (node:internal/process/task_queues:95:5)
    at async exports.handleExpiredManagementReview (/app/src/services/qcfService.js:158:17)
    at async runCronTasks (/app/src/cron.js:97:9)
    at async cronJob (/app/src/cron.js:108:5)
Failed to process expired Management action for RFQ RFQ0001157: Error: Cannot destructure property 'rfq_number' of 'req.params' as it is undefined.
    at ResMocker.json (/app/src/utils/resMocker.js:36:13)
    at sendResponse (/app/src/helper/log.js:44:31)
    at exports.sendActionToCS (/app/src/controllers/qcfController.js:475:16)
    at process.processTicksAndRejections (node:internal/process/task_queues:95:5)
    at async exports.handleExpiredManagementReview (/app/src/services/qcfService.js:158:17)
    at async runCronTasks (/app/src/cron.js:97:9)
    at async cronJob (/app/src/cron.js:108:5)
{
  requiresManagement: false,
  management_approved_at: 2026-04-23T08:50:54.000Z,
  qcf_approved: 1,
  userOwnsCategory: true,
  cl_approved_at: 2026-04-22T14:28:58.000Z
}
Found 1 RFQ(s) for expired Management action for RFQ RFQ0001180
masuk kesini untuk requestnya :: {"rfq_tipe":"isourcing","items":[{"id":3492,"uuid":"07789aca-3d84-11f1-8655-42010a0c15e1","rfq_number":"RFQ0001180","pr_number":"1100013714","item_code":"3","item_text":"PAD,WRITING PPR;POST-IT NO.654;76X76MM","quantity":10,"uom":"PC","item_value":"18000.00","src_value":null,"src_currency":null,"gl_account_code":null,"cost_center_code":null,"value_idr":null,"convert_value":null,"convert_currency":null,"vendor_price":"18000.00","delivery_date":"2026-05-01T17:00:00.000Z","vendor_delivery_date":"2026-04-30T00:00:00.000Z","vendor_description":"POst it 654","reject_reason":null,"vendor_reject_reason":null,"pr_release_date":"2026-04-21T05:21:58.000Z","location":null,"server_groups":"BCG","purchase_group_code":"C53","purchase_group":"Logistic BC (MTL)","pr_requestor_user":"Agus SB","pr_requestor_email":"agus.setiabudi@ckb.co.id;agus.setiabudi@mtl.co.id","pr_creator_user":"Agus Setia Budi","pr_creator_email":"agus.setiabudi@mtl.co.id","pr_material_group_number":"7500","pr_material_group":"OFFICE SUPPLY","external_material_group":"7510","vendor_code":"100433","vendor_code_2":"","plant_code":"C100","plant_name":"PT. Mutiara Tanjung Lestari","company_name":"PT. Mutiara Tanjung Lestari","company_address":"- Jl. Pemuda No.40, Tanjung Redeb,77311,Berau, Kalimantan Timur,Indonesia","sap_material_number":"5000028910","cs_id":72,"cl_id":4,"status_vendor":1,"vendor_batch":2,"vendor_sequence":null,"status_dic":1,"dic_batch":1,"tipe_rfq":null,"quotation_number":"RFQ0001180","quotation_date":"2026-04-22T00:59:56.000Z","cl_comment":null,"status_milestone":10,"dept_head_name":null,"dept_head_email":null,"document_type":"ZST","spend_channel":null,"sourcing_reason":null,"sourcing_notes":"PR with number B1100013714 already exists. No new items were added.","vendor_type":"direct","category":"GSL","sub_category":null,"sub_category_id":null,"vendor_specification":null,"vendor_brand":"Random","vendor_warranty":1,"vendor_sloc":"5001","vendor_address_details":"","createdAt":"2026-04-21T13:14:29.000Z","updatedAt":"2026-07-25T01:00:41.000Z"}],"reason":"Auto-converted to iSourcing due to expired Management action","notes":"Auto-converted to iSourcing due to expired Management action","is_system_action":true}
Error during bulk RFQ update: TypeError: Cannot destructure property 'rfq_number' of 'req.params' as it is undefined.
    at exports.sendActionToCS (/app/src/controllers/qcfController.js:91:33)
    at process.processTicksAndRejections (node:internal/process/task_queues:95:5)
    at async exports.handleExpiredManagementReview (/app/src/services/qcfService.js:158:17)
    at async runCronTasks (/app/src/cron.js:97:9)
    at async cronJob (/app/src/cron.js:108:5)
Failed to process expired Management action for RFQ RFQ0001180: Error: Cannot destructure property 'rfq_number' of 'req.params' as it is undefined.
    at ResMocker.json (/app/src/utils/resMocker.js:36:13)
    at sendResponse (/app/src/helper/log.js:44:31)
    at exports.sendActionToCS (/app/src/controllers/qcfController.js:475:16)
    at process.processTicksAndRejections (node:internal/process/task_queues:95:5)
    at async exports.handleExpiredManagementReview (/app/src/services/qcfService.js:158:17)
    at async runCronTasks (/app/src/cron.js:97:9)
    at async cronJob (/app/src/cron.js:108:5)
{
  requiresManagement: false,
  management_approved_at: 2026-04-23T08:51:16.000Z,
  qcf_approved: 1,
  userOwnsCategory: true,
  cl_approved_at: 2026-04-23T03:27:52.000Z
}
Found 1 RFQ(s) for expired Management action for RFQ RFQ0001188
masuk kesini untuk requestnya :: {"rfq_tipe":"isourcing","items":[{"id":3514,"uuid":"3ba5c3fb-3e4d-11f1-8655-42010a0c15e1","rfq_number":"RFQ0001188","pr_number":"1100013707","item_code":"4","item_text":"BOOTS,SAFETY;EGOLI;NO.8","quantity":6,"uom":"PAA","item_value":"210000.00","src_value":null,"src_currency":null,"gl_account_code":null,"cost_center_code":null,"value_idr":null,"convert_value":null,"convert_currency":null,"vendor_price":"220000.00","delivery_date":"2026-05-04T17:00:00.000Z","vendor_delivery_date":"2026-05-05T00:00:00.000Z","vendor_description":"SAFETY WACHTER PVC BOOT SW 1001 YB SIZE 8 ","reject_reason":null,"vendor_reject_reason":null,"pr_release_date":"2026-04-22T06:18:25.000Z","location":null,"server_groups":"BCG","purchase_group_code":"B53","purchase_group":"Logistic","pr_requestor_user":"Nugraha","pr_requestor_email":"expeditor.logistik@beraucoal.co.id","pr_creator_user":"Logistic Dept","pr_creator_email":"inventory.control@beraucoal.co.id","pr_material_group_number":"4200","pr_material_group":"SAFETY EQUIPMENT","external_material_group":"4240","vendor_code":"100238","vendor_code_2":"","plant_code":"B200","plant_name":"Berau Head Office","company_name":"PT Berau Coal","company_address":"- Jl. Pemuda No. 40,77311,Tanjung Redeb,Indonesia","sap_material_number":"5000032870","cs_id":72,"cl_id":4,"status_vendor":1,"vendor_batch":2,"vendor_sequence":null,"status_dic":1,"dic_batch":1,"tipe_rfq":null,"quotation_number":"070/DS-Bpp/2025","quotation_date":"2026-04-23T01:27:24.000Z","cl_comment":null,"status_milestone":10,"dept_head_name":null,"dept_head_email":null,"document_type":"ZST","spend_channel":null,"sourcing_reason":null,"sourcing_notes":"PR with number B1100013707 already exists. No new items were added.","vendor_type":"direct","category":"GSL","sub_category":null,"sub_category_id":null,"vendor_specification":null,"vendor_brand":"SAFETY WACHTER","vendor_warranty":0,"vendor_sloc":"2002","vendor_address_details":"Jl. Pemuda No. 40,77311,Tanjung Redeb,Indonesia","createdAt":"2026-04-22T13:14:45.000Z","updatedAt":"2026-07-25T01:00:42.000Z"}],"reason":"Auto-converted to iSourcing due to expired Management action","notes":"Auto-converted to iSourcing due to expired Management action","is_system_action":true}
Error during bulk RFQ update: TypeError: Cannot destructure property 'rfq_number' of 'req.params' as it is undefined.
    at exports.sendActionToCS (/app/src/controllers/qcfController.js:91:33)
    at process.processTicksAndRejections (node:internal/process/task_queues:95:5)
    at async exports.handleExpiredManagementReview (/app/src/services/qcfService.js:158:17)
    at async runCronTasks (/app/src/cron.js:97:9)
    at async cronJob (/app/src/cron.js:108:5)
Failed to process expired Management action for RFQ RFQ0001188: Error: Cannot destructure property 'rfq_number' of 'req.params' as it is undefined.
    at ResMocker.json (/app/src/utils/resMocker.js:36:13)
    at sendResponse (/app/src/helper/log.js:44:31)
    at exports.sendActionToCS (/app/src/controllers/qcfController.js:475:16)
    at process.processTicksAndRejections (node:internal/process/task_queues:95:5)
    at async exports.handleExpiredManagementReview (/app/src/services/qcfService.js:158:17)
    at async runCronTasks (/app/src/cron.js:97:9)
    at async cronJob (/app/src/cron.js:108:5)
{
  requiresManagement: false,
  management_approved_at: 2026-05-05T08:06:35.000Z,
  qcf_approved: 1,
  userOwnsCategory: true,
  cl_approved_at: 2026-05-04T19:52:21.000Z
}
Found 1 RFQ(s) for expired Management action for RFQ RFQ0001187
masuk kesini untuk requestnya :: {"rfq_tipe":"isourcing","items":[{"id":3511,"uuid":"37a25707-3e4d-11f1-8655-42010a0c15e1","rfq_number":"RFQ0001187","pr_number":"1100013707","item_code":"2","item_text":"BOOK;FOLIO;100SHT","quantity":25,"uom":"PC","item_value":"23000.00","src_value":null,"src_currency":null,"gl_account_code":null,"cost_center_code":null,"value_idr":null,"convert_value":null,"convert_currency":null,"vendor_price":"24000.00","delivery_date":"2026-05-04T17:00:00.000Z","vendor_delivery_date":"2026-04-27T00:00:00.000Z","vendor_description":"Paper Line","reject_reason":null,"vendor_reject_reason":null,"pr_release_date":"2026-04-22T06:18:25.000Z","location":null,"server_groups":"BCG","purchase_group_code":"B53","purchase_group":"Logistic","pr_requestor_user":"Nugraha","pr_requestor_email":"expeditor.logistik@beraucoal.co.id","pr_creator_user":"Logistic Dept","pr_creator_email":"inventory.control@beraucoal.co.id","pr_material_group_number":"7600","pr_material_group":"BOOKS, MAPS, AND OTHER PUBLICATIONS","external_material_group":"7610","vendor_code":"100433","vendor_code_2":"","plant_code":"B200","plant_name":"Berau Head Office","company_name":"PT Berau Coal","company_address":"- Jl. Pemuda No. 40,77311,Tanjung Redeb,Indonesia","sap_material_number":"5000014720","cs_id":72,"cl_id":4,"status_vendor":1,"vendor_batch":2,"vendor_sequence":null,"status_dic":1,"dic_batch":1,"tipe_rfq":null,"quotation_number":"RFQ0001187","quotation_date":"2026-04-23T07:04:23.000Z","cl_comment":null,"status_milestone":10,"dept_head_name":null,"dept_head_email":null,"document_type":"ZST","spend_channel":null,"sourcing_reason":null,"sourcing_notes":"PR with number B1100013707 already exists. No new items were added.","vendor_type":"direct","category":"GSL","sub_category":null,"sub_category_id":null,"vendor_specification":null,"vendor_brand":"Paperline","vendor_warranty":0,"vendor_sloc":"2002","vendor_address_details":"","createdAt":"2026-04-22T13:14:39.000Z","updatedAt":"2026-07-25T01:00:42.000Z"}],"reason":"Auto-converted to iSourcing due to expired Management action","notes":"Auto-converted to iSourcing due to expired Management action","is_system_action":true}
Error during bulk RFQ update: TypeError: Cannot destructure property 'rfq_number' of 'req.params' as it is undefined.
    at exports.sendActionToCS (/app/src/controllers/qcfController.js:91:33)
    at process.processTicksAndRejections (node:internal/process/task_queues:95:5)
    at async exports.handleExpiredManagementReview (/app/src/services/qcfService.js:158:17)
    at async runCronTasks (/app/src/cron.js:97:9)
    at async cronJob (/app/src/cron.js:108:5)
Failed to process expired Management action for RFQ RFQ0001187: Error: Cannot destructure property 'rfq_number' of 'req.params' as it is undefined.
    at ResMocker.json (/app/src/utils/resMocker.js:36:13)
    at sendResponse (/app/src/helper/log.js:44:31)
    at exports.sendActionToCS (/app/src/controllers/qcfController.js:475:16)
    at process.processTicksAndRejections (node:internal/process/task_queues:95:5)
    at async exports.handleExpiredManagementReview (/app/src/services/qcfService.js:158:17)
    at async runCronTasks (/app/src/cron.js:97:9)
    at async cronJob (/app/src/cron.js:108:5)
{
  requiresManagement: false,
  management_approved_at: 2026-04-27T02:55:13.000Z,
  qcf_approved: 1,
  userOwnsCategory: true,
  cl_approved_at: 2026-04-27T01:51:54.000Z
}
Found 2 RFQ(s) for expired Management action for RFQ RFQ0001182
masuk kesini untuk requestnya :: {"rfq_tipe":"isourcing","items":[{"id":3502,"uuid":"2242d3c4-3e4d-11f1-8655-42010a0c15e1","rfq_number":"RFQ0001182","pr_number":"1100013647","item_code":"5","item_text":"PEN,BALL-POINT;BLK","quantity":60,"uom":"PC","item_value":"2700.00","src_value":null,"src_currency":null,"gl_account_code":null,"cost_center_code":null,"value_idr":null,"convert_value":null,"convert_currency":null,"vendor_price":"2700.00","delivery_date":"2026-04-28T17:00:00.000Z","vendor_delivery_date":"2026-04-22T00:00:00.000Z","vendor_description":"pulpen ball standar","reject_reason":null,"vendor_reject_reason":null,"pr_release_date":"2026-04-22T06:18:37.000Z","location":null,"server_groups":"BCG","purchase_group_code":"B53","purchase_group":"Logistic","pr_requestor_user":"Nugraha","pr_requestor_email":"expeditor.logistik@beraucoal.co.id","pr_creator_user":"Logistic Dept","pr_creator_email":"inventory.control@beraucoal.co.id","pr_material_group_number":"7500","pr_material_group":"OFFICE SUPPLY","external_material_group":"7530","vendor_code":"100433","vendor_code_2":"","plant_code":"B200","plant_name":"Berau Head Office","company_name":"PT Berau Coal","company_address":"- Jl. Pemuda No. 40,77311,Tanjung Redeb,Indonesia","sap_material_number":"5000035982","cs_id":72,"cl_id":4,"status_vendor":1,"vendor_batch":2,"vendor_sequence":null,"status_dic":1,"dic_batch":1,"tipe_rfq":null,"quotation_number":"RFQ0001182","quotation_date":"2026-04-23T07:16:05.000Z","cl_comment":null,"status_milestone":10,"dept_head_name":null,"dept_head_email":null,"document_type":"ZST","spend_channel":null,"sourcing_reason":null,"sourcing_notes":"PR with number B1100013647 already exists. No new items were added.","vendor_type":"direct","category":"GSL","sub_category":null,"sub_category_id":null,"vendor_specification":null,"vendor_brand":"standar","vendor_warranty":0,"vendor_sloc":"2002","vendor_address_details":"","createdAt":"2026-04-22T13:14:03.000Z","updatedAt":"2026-07-25T01:00:42.000Z"},{"id":3503,"uuid":"224499c9-3e4d-11f1-8655-42010a0c15e1","rfq_number":"RFQ0001182","pr_number":"1100013647","item_code":"4","item_text":"MARKER,TUBE TYPE;NONPRMNT;BLK","quantity":60,"uom":"PC","item_value":"8500.00","src_value":null,"src_currency":null,"gl_account_code":null,"cost_center_code":null,"value_idr":null,"convert_value":null,"convert_currency":null,"vendor_price":"7500.00","delivery_date":"2026-04-28T17:00:00.000Z","vendor_delivery_date":"2026-04-30T00:00:00.000Z","vendor_description":"spidol non permanent","reject_reason":null,"vendor_reject_reason":null,"pr_release_date":"2026-04-22T06:18:37.000Z","location":null,"server_groups":"BCG","purchase_group_code":"B53","purchase_group":"Logistic","pr_requestor_user":"Nugraha","pr_requestor_email":"expeditor.logistik@beraucoal.co.id","pr_creator_user":"Logistic Dept","pr_creator_email":"inventory.control@beraucoal.co.id","pr_material_group_number":"7500","pr_material_group":"OFFICE SUPPLY","external_material_group":"7530","vendor_code":"100433","vendor_code_2":"","plant_code":"B200","plant_name":"Berau Head Office","company_name":"PT Berau Coal","company_address":"- Jl. Pemuda No. 40,77311,Tanjung Redeb,Indonesia","sap_material_number":"5000013078","cs_id":72,"cl_id":4,"status_vendor":1,"vendor_batch":2,"vendor_sequence":null,"status_dic":1,"dic_batch":1,"tipe_rfq":null,"quotation_number":"RFQ0001182","quotation_date":"2026-04-23T07:16:05.000Z","cl_comment":null,"status_milestone":10,"dept_head_name":null,"dept_head_email":null,"document_type":"ZST","spend_channel":null,"sourcing_reason":null,"sourcing_notes":"PR with number B1100013647 already exists. No new items were added.","vendor_type":"direct","category":"GSL","sub_category":null,"sub_category_id":null,"vendor_specification":null,"vendor_brand":"snowman","vendor_warranty":0,"vendor_sloc":"2002","vendor_address_details":"","createdAt":"2026-04-22T13:14:03.000Z","updatedAt":"2026-07-25T01:00:42.000Z"}],"reason":"Auto-converted to iSourcing due to expired Management action","notes":"Auto-converted to iSourcing due to expired Management action","is_system_action":true}
Error during bulk RFQ update: TypeError: Cannot destructure property 'rfq_number' of 'req.params' as it is undefined.
    at exports.sendActionToCS (/app/src/controllers/qcfController.js:91:33)
    at process.processTicksAndRejections (node:internal/process/task_queues:95:5)
    at async exports.handleExpiredManagementReview (/app/src/services/qcfService.js:158:17)
    at async runCronTasks (/app/src/cron.js:97:9)
    at async cronJob (/app/src/cron.js:108:5)
Failed to process expired Management action for RFQ RFQ0001182: Error: Cannot destructure property 'rfq_number' of 'req.params' as it is undefined.
    at ResMocker.json (/app/src/utils/resMocker.js:36:13)
    at sendResponse (/app/src/helper/log.js:44:31)
    at exports.sendActionToCS (/app/src/controllers/qcfController.js:475:16)
    at process.processTicksAndRejections (node:internal/process/task_queues:95:5)
    at async exports.handleExpiredManagementReview (/app/src/services/qcfService.js:158:17)
    at async runCronTasks (/app/src/cron.js:97:9)
    at async cronJob (/app/src/cron.js:108:5)
{
  requiresManagement: false,
  management_approved_at: 2026-04-27T02:55:13.000Z,
  qcf_approved: 1,
  userOwnsCategory: true,
  cl_approved_at: 2026-04-27T01:51:54.000Z
}
Found 1 RFQ(s) for expired Management action for RFQ RFQ0001183
masuk kesini untuk requestnya :: {"rfq_tipe":"isourcing","items":[{"id":3505,"uuid":"26ce9f08-3e4d-11f1-8655-42010a0c15e1","rfq_number":"RFQ0001183","pr_number":"1100013647","item_code":"7","item_text":"ROPE,FIBROUS;NYLON;8MM DIA","quantity":440,"uom":"M","item_value":"3500.00","src_value":null,"src_currency":null,"gl_account_code":null,"cost_center_code":null,"value_idr":null,"convert_value":null,"convert_currency":null,"vendor_price":"3500.00","delivery_date":"2026-04-28T17:00:00.000Z","vendor_delivery_date":"2026-05-01T00:00:00.000Z","vendor_description":"TALI NILON 8MM PUTIH (1 Roll = 220 Mtr) (STOK 300 Ready Stok IJT Berau (1 Roll Indent 1 Minggu), SATUAN MTR) ➡️Frangko Toko IJT Kedaung/HO Tanjung Redeb\n","reject_reason":null,"vendor_reject_reason":null,"pr_release_date":"2026-04-22T06:18:37.000Z","location":null,"server_groups":"BCG","purchase_group_code":"B53","purchase_group":"Logistic","pr_requestor_user":"Nugraha","pr_requestor_email":"expeditor.logistik@beraucoal.co.id","pr_creator_user":"Logistic Dept","pr_creator_email":"inventory.control@beraucoal.co.id","pr_material_group_number":"4000","pr_material_group":"EQUIPMENT","external_material_group":"4020","vendor_code":"101962","vendor_code_2":"","plant_code":"B200","plant_name":"Berau Head Office","company_name":"PT Berau Coal","company_address":"- Jl. Pemuda No. 40,77311,Tanjung Redeb,Indonesia","sap_material_number":"5000013888","cs_id":68,"cl_id":65,"status_vendor":1,"vendor_batch":2,"vendor_sequence":null,"status_dic":1,"dic_batch":1,"tipe_rfq":null,"quotation_number":"26-04-0834","quotation_date":"2026-04-24T07:32:46.000Z","cl_comment":null,"status_milestone":10,"dept_head_name":null,"dept_head_email":null,"document_type":"ZST","spend_channel":null,"sourcing_reason":null,"sourcing_notes":"PR with number B1100013647 already exists. No new items were added.","vendor_type":"direct","category":"MRR","sub_category":null,"sub_category_id":null,"vendor_specification":null,"vendor_brand":"-","vendor_warranty":0,"vendor_sloc":"2002","vendor_address_details":"(Frangko Toko IJT/HO Tanjung Redeb)","createdAt":"2026-04-22T13:14:10.000Z","updatedAt":"2026-07-25T01:00:43.000Z"}],"reason":"Auto-converted to iSourcing due to expired Management action","notes":"Auto-converted to iSourcing due to expired Management action","is_system_action":true}
Error during bulk RFQ update: TypeError: Cannot destructure property 'rfq_number' of 'req.params' as it is undefined.
    at exports.sendActionToCS (/app/src/controllers/qcfController.js:91:33)
    at process.processTicksAndRejections (node:internal/process/task_queues:95:5)
    at async exports.handleExpiredManagementReview (/app/src/services/qcfService.js:158:17)
    at async runCronTasks (/app/src/cron.js:97:9)
    at async cronJob (/app/src/cron.js:108:5)
Failed to process expired Management action for RFQ RFQ0001183: Error: Cannot destructure property 'rfq_number' of 'req.params' as it is undefined.
    at ResMocker.json (/app/src/utils/resMocker.js:36:13)
    at sendResponse (/app/src/helper/log.js:44:31)
    at exports.sendActionToCS (/app/src/controllers/qcfController.js:475:16)
    at process.processTicksAndRejections (node:internal/process/task_queues:95:5)
    at async exports.handleExpiredManagementReview (/app/src/services/qcfService.js:158:17)
    at async runCronTasks (/app/src/cron.js:97:9)
    at async cronJob (/app/src/cron.js:108:5)
{
  requiresManagement: false,
  management_approved_at: 2026-04-27T02:55:39.000Z,
  qcf_approved: 1,
  userOwnsCategory: true,
  cl_approved_at: 2026-04-27T01:52:47.000Z
}
Found 1 RFQ(s) for expired Management action for RFQ RFQ0001190
masuk kesini untuk requestnya :: {"rfq_tipe":"isourcing","items":[{"id":3517,"uuid":"43823ac4-3e4d-11f1-8655-42010a0c15e1","rfq_number":"RFQ0001190","pr_number":"1100013708","item_code":"1","item_text":"TAPE,MEASURING;5M LG;CONSTRUCTION","quantity":15,"uom":"PC","item_value":"53000.00","src_value":null,"src_currency":null,"gl_account_code":null,"cost_center_code":null,"value_idr":null,"convert_value":null,"convert_currency":null,"vendor_price":"53000.00","delivery_date":"2026-05-04T17:00:00.000Z","vendor_delivery_date":"2026-04-24T00:00:00.000Z","vendor_description":"METERAN 5M TOHO (STOK 15, SATUAN PCS) ➡️Frangko Toko IJT Kedaung/HO Tanjung Redeb\n","reject_reason":null,"vendor_reject_reason":null,"pr_release_date":"2026-04-22T06:18:13.000Z","location":null,"server_groups":"BCG","purchase_group_code":"B53","purchase_group":"Logistic","pr_requestor_user":"Nugraha","pr_requestor_email":"expeditor.logistik@beraucoal.co.id","pr_creator_user":"Logistic Dept","pr_creator_email":"inventory.control@beraucoal.co.id","pr_material_group_number":"5200","pr_material_group":"MEASURING TOOLS","external_material_group":"5210","vendor_code":"101962","vendor_code_2":"","plant_code":"B200","plant_name":"Berau Head Office","company_name":"PT Berau Coal","company_address":"- Jl. Pemuda No. 40,77311,Tanjung Redeb,Indonesia","sap_material_number":"5000018739","cs_id":68,"cl_id":65,"status_vendor":1,"vendor_batch":2,"vendor_sequence":null,"status_dic":1,"dic_batch":1,"tipe_rfq":null,"quotation_number":"26-04-0837","quotation_date":"2026-04-24T07:54:37.000Z","cl_comment":null,"status_milestone":10,"dept_head_name":null,"dept_head_email":null,"document_type":"ZST","spend_channel":null,"sourcing_reason":null,"sourcing_notes":"PR with number B1100013708 already exists. No new items were added.","vendor_type":"direct","category":"MRR","sub_category":null,"sub_category_id":null,"vendor_specification":null,"vendor_brand":"TOHO","vendor_warranty":0,"vendor_sloc":"2002","vendor_address_details":"(Frangko Toko IJT/HO Tanjung Redeb)","createdAt":"2026-04-22T13:14:59.000Z","updatedAt":"2026-07-25T01:00:43.000Z"}],"reason":"Auto-converted to iSourcing due to expired Management action","notes":"Auto-converted to iSourcing due to expired Management action","is_system_action":true}
Error during bulk RFQ update: TypeError: Cannot destructure property 'rfq_number' of 'req.params' as it is undefined.
    at exports.sendActionToCS (/app/src/controllers/qcfController.js:91:33)
    at process.processTicksAndRejections (node:internal/process/task_queues:95:5)
    at async exports.handleExpiredManagementReview (/app/src/services/qcfService.js:158:17)
    at async runCronTasks (/app/src/cron.js:97:9)
    at async cronJob (/app/src/cron.js:108:5)
Failed to process expired Management action for RFQ RFQ0001190: Error: Cannot destructure property 'rfq_number' of 'req.params' as it is undefined.
    at ResMocker.json (/app/src/utils/resMocker.js:36:13)
    at sendResponse (/app/src/helper/log.js:44:31)
    at exports.sendActionToCS (/app/src/controllers/qcfController.js:475:16)
    at process.processTicksAndRejections (node:internal/process/task_queues:95:5)
    at async exports.handleExpiredManagementReview (/app/src/services/qcfService.js:158:17)
    at async runCronTasks (/app/src/cron.js:97:9)
    at async cronJob (/app/src/cron.js:108:5)
{
  requiresManagement: false,
  management_approved_at: 2026-04-27T02:56:00.000Z,
  qcf_approved: 1,
  userOwnsCategory: true,
  cl_approved_at: 2026-04-27T02:26:17.000Z
}
Found 3 RFQ(s) for expired Management action for RFQ RFQ0001195
masuk kesini untuk requestnya :: {"rfq_tipe":"isourcing","items":[{"id":3525,"uuid":"5b1490ed-3e4d-11f1-8655-42010a0c15e1","rfq_number":"RFQ0001195","pr_number":"1100013709","item_code":"9","item_text":"PIPE,MTL;GALV;1IN ID;MED A","quantity":12,"uom":"LG","item_value":"629500.00","src_value":null,"src_currency":null,"gl_account_code":null,"cost_center_code":null,"value_idr":null,"convert_value":null,"convert_currency":null,"vendor_price":"520000.00","delivery_date":"2026-04-29T17:00:00.000Z","vendor_delivery_date":"2026-05-01T00:00:00.000Z","vendor_description":"PIPA GALVANIS 1\"X6M MED SNI (STOK INDENT 1 MINGGU, SATUAN BTG) ➡️(Frangko Toko IJT/Site Lati)\n","reject_reason":null,"vendor_reject_reason":null,"pr_release_date":"2026-04-22T06:18:03.000Z","location":null,"server_groups":"BCG","purchase_group_code":"B53","purchase_group":"Logistic","pr_requestor_user":"Chrystyan","pr_requestor_email":"inventory.control@beraucoal.co.id","pr_creator_user":"Aditya Rismana","pr_creator_email":"aditya.rismana@beraucoal.co.id","pr_material_group_number":"4700","pr_material_group":"PIPE AND TUBE","external_material_group":"4710","vendor_code":"101962","vendor_code_2":"","plant_code":"B200","plant_name":"Berau Head Office","company_name":"PT Berau Coal","company_address":"- Jl. Pemuda No. 40,77311,Tanjung Redeb,Indonesia","sap_material_number":"5000012161","cs_id":68,"cl_id":65,"status_vendor":1,"vendor_batch":2,"vendor_sequence":null,"status_dic":1,"dic_batch":1,"tipe_rfq":null,"quotation_number":"26-04-0839","quotation_date":"2026-04-24T08:46:08.000Z","cl_comment":null,"status_milestone":10,"dept_head_name":null,"dept_head_email":null,"document_type":"ZST","spend_channel":null,"sourcing_reason":null,"sourcing_notes":"PR with number B1100013709 already exists. No new items were added.","vendor_type":"direct","category":"MRR","sub_category":null,"sub_category_id":null,"vendor_specification":null,"vendor_brand":"-","vendor_warranty":0,"vendor_sloc":"2003","vendor_address_details":"(Frangko Toko IJT/Site Lati)\n","createdAt":"2026-04-22T13:15:38.000Z","updatedAt":"2026-07-25T01:00:44.000Z"},{"id":3527,"uuid":"5b17fe62-3e4d-11f1-8655-42010a0c15e1","rfq_number":"RFQ0001195","pr_number":"1100013709","item_code":"4","item_text":"PIPE,MTL;GALV;1.5IN ID","quantity":10,"uom":"LG","item_value":"695000.00","src_value":null,"src_currency":null,"gl_account_code":null,"cost_center_code":null,"value_idr":null,"convert_value":null,"convert_currency":null,"vendor_price":"755000.00","delivery_date":"2026-04-29T17:00:00.000Z","vendor_delivery_date":"2026-05-01T00:00:00.000Z","vendor_description":"PIPA GALVANIS 1 1/2\"X6M MED SNI (STOK INDENT 1 MINGGU, SATUAN BTG) ➡️(Frangko Toko IJT/Site Lati)\n","reject_reason":null,"vendor_reject_reason":null,"pr_release_date":"2026-04-22T06:18:03.000Z","location":null,"server_groups":"BCG","purchase_group_code":"B53","purchase_group":"Logistic","pr_requestor_user":"Chrystyan","pr_requestor_email":"inventory.control@beraucoal.co.id","pr_creator_user":"Aditya Rismana","pr_creator_email":"aditya.rismana@beraucoal.co.id","pr_material_group_number":"4700","pr_material_group":"PIPE AND TUBE","external_material_group":"4710","vendor_code":"101962","vendor_code_2":"","plant_code":"B200","plant_name":"Berau Head Office","company_name":"PT Berau Coal","company_address":"- Jl. Pemuda No. 40,77311,Tanjung Redeb,Indonesia","sap_material_number":"5000030064","cs_id":68,"cl_id":65,"status_vendor":1,"vendor_batch":2,"vendor_sequence":null,"status_dic":1,"dic_batch":1,"tipe_rfq":null,"quotation_number":"26-04-0839","quotation_date":"2026-04-24T08:46:08.000Z","cl_comment":null,"status_milestone":10,"dept_head_name":null,"dept_head_email":null,"document_type":"ZST","spend_channel":null,"sourcing_reason":null,"sourcing_notes":"PR with number B1100013709 already exists. No new items were added.","vendor_type":"direct","category":"MRR","sub_category":null,"sub_category_id":null,"vendor_specification":null,"vendor_brand":"-","vendor_warranty":0,"vendor_sloc":"2003","vendor_address_details":"(Frangko Toko IJT/Site Lati)\n","createdAt":"2026-04-22T13:15:38.000Z","updatedAt":"2026-07-25T01:00:44.000Z"},{"id":3528,"uuid":"5b19985e-3e4d-11f1-8655-42010a0c15e1","rfq_number":"RFQ0001195","pr_number":"1100013709","item_code":"3","item_text":"VALVE,BALL;2IN","quantity":6,"uom":"PC","item_value":"500000.00","src_value":null,"src_currency":null,"gl_account_code":null,"cost_center_code":null,"value_idr":null,"convert_value":null,"convert_currency":null,"vendor_price":"500000.00","delivery_date":"2026-04-29T17:00:00.000Z","vendor_delivery_date":"2026-04-24T00:00:00.000Z","vendor_description":"BALL VALVE 2\" KITZ (STOK 3 Ready Stok IJT Berau (INDENT 1 MINGGU), SATUAN PCS) ➡️Frangko Toko IJT Kedaung/HO Tanjung Redeb\n","reject_reason":null,"vendor_reject_reason":null,"pr_release_date":"2026-04-22T06:18:03.000Z","location":null,"server_groups":"BCG","purchase_group_code":"B53","purchase_group":"Logistic","pr_requestor_user":"Chrystyan","pr_requestor_email":"inventory.control@beraucoal.co.id","pr_creator_user":"Aditya Rismana","pr_creator_email":"aditya.rismana@beraucoal.co.id","pr_material_group_number":"4800","pr_material_group":"VALVES","external_material_group":"4820","vendor_code":"101962","vendor_code_2":"","plant_code":"B200","plant_name":"Berau Head Office","company_name":"PT Berau Coal","company_address":"- Jl. Pemuda No. 40,77311,Tanjung Redeb,Indonesia","sap_material_number":"4000010827","cs_id":68,"cl_id":65,"status_vendor":1,"vendor_batch":2,"vendor_sequence":null,"status_dic":1,"dic_batch":1,"tipe_rfq":null,"quotation_number":"26-04-0839","quotation_date":"2026-04-24T08:46:08.000Z","cl_comment":null,"status_milestone":10,"dept_head_name":null,"dept_head_email":null,"document_type":"ZST","spend_channel":null,"sourcing_reason":null,"sourcing_notes":"PR with number B1100013709 already exists. No new items were added.","vendor_type":"direct","category":"MRR","sub_category":null,"sub_category_id":null,"vendor_specification":null,"vendor_brand":"KITZ","vendor_warranty":0,"vendor_sloc":"2002","vendor_address_details":"(Frangko Toko IJT/HO Tanjung Redeb)","createdAt":"2026-04-22T13:15:38.000Z","updatedAt":"2026-07-25T01:00:44.000Z"}],"reason":"Auto-converted to iSourcing due to expired Management action","notes":"Auto-converted to iSourcing due to expired Management action","is_system_action":true}
Error during bulk RFQ update: TypeError: Cannot destructure property 'rfq_number' of 'req.params' as it is undefined.
    at exports.sendActionToCS (/app/src/controllers/qcfController.js:91:33)
    at process.processTicksAndRejections (node:internal/process/task_queues:95:5)
    at async exports.handleExpiredManagementReview (/app/src/services/qcfService.js:158:17)
    at async runCronTasks (/app/src/cron.js:97:9)
    at async cronJob (/app/src/cron.js:108:5)
Failed to process expired Management action for RFQ RFQ0001195: Error: Cannot destructure property 'rfq_number' of 'req.params' as it is undefined.
    at ResMocker.json (/app/src/utils/resMocker.js:36:13)
    at sendResponse (/app/src/helper/log.js:44:31)
    at exports.sendActionToCS (/app/src/controllers/qcfController.js:475:16)
    at process.processTicksAndRejections (node:internal/process/task_queues:95:5)
    at async exports.handleExpiredManagementReview (/app/src/services/qcfService.js:158:17)
    at async runCronTasks (/app/src/cron.js:97:9)
    at async cronJob (/app/src/cron.js:108:5)
{
  requiresManagement: false,
  management_approved_at: 2026-04-27T02:57:08.000Z,
  qcf_approved: 1,
  userOwnsCategory: true,
  cl_approved_at: 2026-04-27T02:42:26.000Z
}
Found 1 RFQ(s) for expired Management action for RFQ RFQ0001179
masuk kesini untuk requestnya :: {"rfq_tipe":"isourcing","items":[{"id":3491,"uuid":"0333164e-3d84-11f1-8655-42010a0c15e1","rfq_number":"RFQ0001179","pr_number":"1100013713","item_code":"6","item_text":"RELAY,THERMAL;24V;5 PIN","quantity":3,"uom":"PC","item_value":"65000.00","src_value":null,"src_currency":null,"gl_account_code":null,"cost_center_code":null,"value_idr":null,"convert_value":null,"convert_currency":null,"vendor_price":"65000.00","delivery_date":"2026-05-01T17:00:00.000Z","vendor_delivery_date":"2026-05-24T00:00:00.000Z","vendor_description":"Thermal Relay Bosch, 5pin, 24V.\nMohon maaf delivery ke site ada minimum charge 50kg.  Jadi delivery ke HO saja ya pak.","reject_reason":null,"vendor_reject_reason":null,"pr_release_date":"2026-04-21T05:21:49.000Z","location":null,"server_groups":"BCG","purchase_group_code":"C53","purchase_group":"Logistic BC (MTL)","pr_requestor_user":"Agus SB","pr_requestor_email":"agus.setiabudi@ckb.co.id;agus.setiabudi@mtl.co.id","pr_creator_user":"Agus Setia Budi","pr_creator_email":"agus.setiabudi@mtl.co.id","pr_material_group_number":"5900","pr_material_group":"ELECTRICAL","external_material_group":"5945","vendor_code":"100415","vendor_code_2":"","plant_code":"C100","plant_name":"PT. Mutiara Tanjung Lestari","company_name":"PT. Mutiara Tanjung Lestari","company_address":"- Jl. Pemuda No.40, Tanjung Redeb,77311,Berau, Kalimantan Timur,Indonesia","sap_material_number":"4100000121","cs_id":68,"cl_id":65,"status_vendor":1,"vendor_batch":2,"vendor_sequence":null,"status_dic":1,"dic_batch":1,"tipe_rfq":null,"quotation_number":"068","quotation_date":"2026-04-24T02:15:14.000Z","cl_comment":null,"status_milestone":10,"dept_head_name":null,"dept_head_email":null,"document_type":"ZST","spend_channel":null,"sourcing_reason":null,"sourcing_notes":"PR with number B1100013713 already exists. No new items were added.","vendor_type":"direct","category":"MRR","sub_category":null,"sub_category_id":null,"vendor_specification":null,"vendor_brand":"Bosch","vendor_warranty":0,"vendor_sloc":"1001","vendor_address_details":"Franco HO","createdAt":"2026-04-21T13:14:22.000Z","updatedAt":"2026-07-25T01:00:44.000Z"}],"reason":"Auto-converted to iSourcing due to expired Management action","notes":"Auto-converted to iSourcing due to expired Management action","is_system_action":true}
Error during bulk RFQ update: TypeError: Cannot destructure property 'rfq_number' of 'req.params' as it is undefined.
    at exports.sendActionToCS (/app/src/controllers/qcfController.js:91:33)
    at process.processTicksAndRejections (node:internal/process/task_queues:95:5)
    at async exports.handleExpiredManagementReview (/app/src/services/qcfService.js:158:17)
    at async runCronTasks (/app/src/cron.js:97:9)
    at async cronJob (/app/src/cron.js:108:5)
Failed to process expired Management action for RFQ RFQ0001179: Error: Cannot destructure property 'rfq_number' of 'req.params' as it is undefined.
    at ResMocker.json (/app/src/utils/resMocker.js:36:13)
    at sendResponse (/app/src/helper/log.js:44:31)
    at exports.sendActionToCS (/app/src/controllers/qcfController.js:475:16)
    at process.processTicksAndRejections (node:internal/process/task_queues:95:5)
    at async exports.handleExpiredManagementReview (/app/src/services/qcfService.js:158:17)
    at async runCronTasks (/app/src/cron.js:97:9)
    at async cronJob (/app/src/cron.js:108:5)
{
  requiresManagement: false,
  management_approved_at: 2026-04-27T23:45:33.000Z,
  qcf_approved: 1,
  userOwnsCategory: true,
  cl_approved_at: 2026-04-27T11:55:30.000Z
}
Found 1 RFQ(s) for expired Management action for RFQ RFQ0001211
masuk kesini untuk requestnya :: {"rfq_tipe":"isourcing","items":[{"id":3554,"uuid":"8752e42f-3fdf-11f1-8655-42010a0c15e1","rfq_number":"RFQ0001211","pr_number":"1100013696","item_code":"2","item_text":"WHEEL,ABRASIVE;GRINDING;100X2.5X16MM","quantity":100,"uom":"PC","item_value":"12000.00","src_value":null,"src_currency":null,"gl_account_code":null,"cost_center_code":null,"value_idr":null,"convert_value":null,"convert_currency":null,"vendor_price":"12000.00","delivery_date":"2026-04-29T17:00:00.000Z","vendor_delivery_date":"2026-04-27T00:00:00.000Z","vendor_description":"BATU CUTTING 4\" 105X2X16 NR (STOK 941, SATUAN 0) ➡️Frangko Toko IJT Kedaung/HO Tanjung Redeb\n","reject_reason":null,"vendor_reject_reason":null,"pr_release_date":"2026-04-24T08:22:21.000Z","location":null,"server_groups":"BCG","purchase_group_code":"C53","purchase_group":"Logistic BC (MTL)","pr_requestor_user":"Chrystyan","pr_requestor_email":"inventory.control@beraucoal.co.id","pr_creator_user":"Aditya Rismana","pr_creator_email":"aditya.rismana@beraucoal.co.id","pr_material_group_number":"5300","pr_material_group":"BOLT, NUT AND WASHER","external_material_group":"5345","vendor_code":"101962","vendor_code_2":"","plant_code":"C100","plant_name":"PT. Mutiara Tanjung Lestari","company_name":"PT. Mutiara Tanjung Lestari","company_address":"- Jl. Pemuda No.40, Tanjung Redeb,77311,Berau, Kalimantan Timur,Indonesia","sap_material_number":"5108024612","cs_id":68,"cl_id":65,"status_vendor":1,"vendor_batch":2,"vendor_sequence":null,"status_dic":1,"dic_batch":1,"tipe_rfq":null,"quotation_number":"26-04-0846","quotation_date":"2026-04-27T02:00:42.000Z","cl_comment":null,"status_milestone":10,"dept_head_name":null,"dept_head_email":null,"document_type":"ZST","spend_channel":null,"sourcing_reason":null,"sourcing_notes":"PR with number B1100013696 already exists. No new items were added.","vendor_type":"direct","category":"MRR","sub_category":null,"sub_category_id":null,"vendor_specification":null,"vendor_brand":"NIPPON RESIBON","vendor_warranty":0,"vendor_sloc":"5001","vendor_address_details":"(Frangko Toko IJT/HO Tanjung Redeb)","createdAt":"2026-04-24T13:14:30.000Z","updatedAt":"2026-07-25T01:00:44.000Z"}],"reason":"Auto-converted to iSourcing due to expired Management action","notes":"Auto-converted to iSourcing due to expired Management action","is_system_action":true}
Error during bulk RFQ update: TypeError: Cannot destructure property 'rfq_number' of 'req.params' as it is undefined.
    at exports.sendActionToCS (/app/src/controllers/qcfController.js:91:33)
    at process.processTicksAndRejections (node:internal/process/task_queues:95:5)
    at async exports.handleExpiredManagementReview (/app/src/services/qcfService.js:158:17)
    at async runCronTasks (/app/src/cron.js:97:9)
    at async cronJob (/app/src/cron.js:108:5)
Failed to process expired Management action for RFQ RFQ0001211: Error: Cannot destructure property 'rfq_number' of 'req.params' as it is undefined.
    at ResMocker.json (/app/src/utils/resMocker.js:36:13)
    at sendResponse (/app/src/helper/log.js:44:31)
    at exports.sendActionToCS (/app/src/controllers/qcfController.js:475:16)
    at process.processTicksAndRejections (node:internal/process/task_queues:95:5)
    at async exports.handleExpiredManagementReview (/app/src/services/qcfService.js:158:17)
    at async runCronTasks (/app/src/cron.js:97:9)
    at async cronJob (/app/src/cron.js:108:5)
{
  requiresManagement: false,
  management_approved_at: 2026-05-05T05:14:24.000Z,
  qcf_approved: 1,
  userOwnsCategory: true,
  cl_approved_at: 2026-05-04T20:02:57.000Z
}
Found 2 RFQ(s) for expired Management action for RFQ RFQ0001240
masuk kesini untuk requestnya :: {"rfq_tipe":"isourcing","items":[{"id":3637,"uuid":"38f709c1-4464-11f1-8655-42010a0c15e1","rfq_number":"RFQ0001240","pr_number":"1200027660","item_code":"6","item_text":"BRUSH,FLOOR;SIKAT TANGKAI","quantity":5,"uom":"PC","item_value":"55000.00","src_value":null,"src_currency":null,"gl_account_code":null,"cost_center_code":null,"value_idr":null,"convert_value":null,"convert_currency":null,"vendor_price":"55000.00","delivery_date":"2026-04-29T17:00:00.000Z","vendor_delivery_date":"2026-05-06T00:00:00.000Z","vendor_description":"SIKAT LANTAI GAGANG PJG (STOK PREPARE 2-3 HARI, SATUAN PCS) ➡️Frangko Toko IJT Kedaung/HO Tanjung Redeb\n","reject_reason":null,"vendor_reject_reason":null,"pr_release_date":"2026-04-29T08:25:38.000Z","location":null,"server_groups":"BCG","purchase_group_code":"B28","purchase_group":"Mine Closure","pr_requestor_user":"Yan Lepong","pr_requestor_email":"Yan.lepong@beraucoal.co.id; admin.fisheries@beraucoal.co.id","pr_creator_user":"Mine Closure Dept","pr_creator_email":"admin.mcs@beraucoal.co.id","pr_material_group_number":"7900","pr_material_group":"CLEANING EQUIPMENT AND SUPPLIES","external_material_group":"7920","vendor_code":"101962","vendor_code_2":"","plant_code":"B200","plant_name":"Berau Head Office","company_name":"PT Berau Coal","company_address":"- Jl. Pemuda No. 40,77311,Tanjung Redeb,Indonesia","sap_material_number":"6200014111","cs_id":72,"cl_id":4,"status_vendor":1,"vendor_batch":2,"vendor_sequence":null,"status_dic":1,"dic_batch":1,"tipe_rfq":null,"quotation_number":"26-05-0877","quotation_date":"2026-05-04T06:05:59.000Z","cl_comment":null,"status_milestone":20,"dept_head_name":null,"dept_head_email":null,"document_type":"ZDC","spend_channel":null,"sourcing_reason":null,"sourcing_notes":"PR with number B1200027660 already exists. No new items were added.","vendor_type":"direct","category":"GSL","sub_category":null,"sub_category_id":null,"vendor_specification":null,"vendor_brand":"-","vendor_warranty":0,"vendor_sloc":"2002","vendor_address_details":"(Frangko Toko IJT/HO Tanjung Redeb)\n","createdAt":"2026-04-30T07:14:26.000Z","updatedAt":"2026-07-25T01:00:45.000Z"},{"id":3638,"uuid":"38f888e7-4464-11f1-8655-42010a0c15e1","rfq_number":"RFQ0001240","pr_number":"1200027660","item_code":"5","item_text":"SPARK PLUG;MESIN RUMPUT;NGK CMR5H","quantity":3,"uom":"PC","item_value":"45000.00","src_value":null,"src_currency":null,"gl_account_code":null,"cost_center_code":null,"value_idr":null,"convert_value":null,"convert_currency":null,"vendor_price":"15000.00","delivery_date":"2026-04-29T17:00:00.000Z","vendor_delivery_date":"2026-05-04T00:00:00.000Z","vendor_description":"BUSI ST7HS PDK (STOK 39, SATUAN PCS) ➡️Frangko Toko IJT Kedaung/HO Tanjung Redeb\n","reject_reason":null,"vendor_reject_reason":null,"pr_release_date":"2026-04-29T08:25:38.000Z","location":null,"server_groups":"BCG","purchase_group_code":"B28","purchase_group":"Mine Closure","pr_requestor_user":"Yan Lepong","pr_requestor_email":"Yan.lepong@beraucoal.co.id; admin.fisheries@beraucoal.co.id","pr_creator_user":"Mine Closure Dept","pr_creator_email":"admin.mcs@beraucoal.co.id","pr_material_group_number":"3700","pr_material_group":"AGRICULTURE & ENVIROMENTAL","external_material_group":"3750","vendor_code":"101962","vendor_code_2":"","plant_code":"B200","plant_name":"Berau Head Office","company_name":"PT Berau Coal","company_address":"- Jl. Pemuda No. 40,77311,Tanjung Redeb,Indonesia","sap_material_number":"6000017265","cs_id":72,"cl_id":4,"status_vendor":1,"vendor_batch":2,"vendor_sequence":null,"status_dic":1,"dic_batch":1,"tipe_rfq":null,"quotation_number":"26-05-0877","quotation_date":"2026-05-04T06:05:59.000Z","cl_comment":null,"status_milestone":20,"dept_head_name":null,"dept_head_email":null,"document_type":"ZDC","spend_channel":null,"sourcing_reason":null,"sourcing_notes":"PR with number B1200027660 already exists. No new items were added.","vendor_type":"direct","category":"GSL","sub_category":null,"sub_category_id":null,"vendor_specification":null,"vendor_brand":"-","vendor_warranty":0,"vendor_sloc":"2002","vendor_address_details":"(Frangko Toko IJT/HO Tanjung Redeb)\n","createdAt":"2026-04-30T07:14:26.000Z","updatedAt":"2026-07-25T01:00:45.000Z"}],"reason":"Auto-converted to iSourcing due to expired Management action","notes":"Auto-converted to iSourcing due to expired Management action","is_system_action":true}
Error during bulk RFQ update: TypeError: Cannot destructure property 'rfq_number' of 'req.params' as it is undefined.
    at exports.sendActionToCS (/app/src/controllers/qcfController.js:91:33)
    at process.processTicksAndRejections (node:internal/process/task_queues:95:5)
    at async exports.handleExpiredManagementReview (/app/src/services/qcfService.js:158:17)
    at async runCronTasks (/app/src/cron.js:97:9)
    at async cronJob (/app/src/cron.js:108:5)
Failed to process expired Management action for RFQ RFQ0001240: Error: Cannot destructure property 'rfq_number' of 'req.params' as it is undefined.
    at ResMocker.json (/app/src/utils/resMocker.js:36:13)
    at sendResponse (/app/src/helper/log.js:44:31)
    at exports.sendActionToCS (/app/src/controllers/qcfController.js:475:16)
    at process.processTicksAndRejections (node:internal/process/task_queues:95:5)
    at async exports.handleExpiredManagementReview (/app/src/services/qcfService.js:158:17)
    at async runCronTasks (/app/src/cron.js:97:9)
    at async cronJob (/app/src/cron.js:108:5)
{
  requiresManagement: false,
  management_approved_at: 2026-05-04T11:35:00.000Z,
  qcf_approved: 1,
  userOwnsCategory: true,
  cl_approved_at: 2026-05-04T10:51:16.000Z
}
Found 6 RFQ(s) for expired Management action for RFQ RFQ0001244
masuk kesini untuk requestnya :: {"rfq_tipe":"isourcing","items":[{"id":3645,"uuid":"46ae9d04-4464-11f1-8655-42010a0c15e1","rfq_number":"RFQ0001244","pr_number":"1200027664","item_code":"7","item_text":"ADAPTOR,PIPE;WATERMOOR;1/2IN","quantity":2,"uom":"PC","item_value":"30000.00","src_value":null,"src_currency":null,"gl_account_code":null,"cost_center_code":null,"value_idr":null,"convert_value":null,"convert_currency":null,"vendor_price":"28000.00","delivery_date":"2026-04-29T17:00:00.000Z","vendor_delivery_date":"2026-05-04T00:00:00.000Z","vendor_description":"WATERMUR PVC 1/2\" (STOK 35, SATUAN PCS) ➡️Frangko Toko IJT Kedaung/HO Tanjung Redeb\n","reject_reason":null,"vendor_reject_reason":null,"pr_release_date":"2026-04-29T08:25:54.000Z","location":null,"server_groups":"BCG","purchase_group_code":"B28","purchase_group":"Mine Closure","pr_requestor_user":"Yan Lepong","pr_requestor_email":"yan.lepong@beraucoal.co.id; admin.fisheries@beraucoal.co.id","pr_creator_user":"Mine Closure Dept","pr_creator_email":"admin.mcs@beraucoal.co.id","pr_material_group_number":"4700","pr_material_group":"PIPE AND TUBE","external_material_group":"4730","vendor_code":"101962","vendor_code_2":"","plant_code":"B200","plant_name":"Berau Head Office","company_name":"PT Berau Coal","company_address":"- Jl. Pemuda No. 40,77311,Tanjung Redeb,Indonesia","sap_material_number":"6200018313","cs_id":68,"cl_id":65,"status_vendor":1,"vendor_batch":2,"vendor_sequence":null,"status_dic":1,"dic_batch":1,"tipe_rfq":null,"quotation_number":"26-05-0879","quotation_date":"2026-05-04T06:28:33.000Z","cl_comment":null,"status_milestone":20,"dept_head_name":null,"dept_head_email":null,"document_type":"ZDC","spend_channel":null,"sourcing_reason":null,"sourcing_notes":"PR with number B1200027664 already exists. No new items were added.","vendor_type":"direct","category":"MRR","sub_category":null,"sub_category_id":null,"vendor_specification":null,"vendor_brand":"-","vendor_warranty":0,"vendor_sloc":"2002","vendor_address_details":"(Frangko Toko IJT/HO Tanjung Redeb)","createdAt":"2026-04-30T07:14:49.000Z","updatedAt":"2026-07-25T01:00:46.000Z"},{"id":3646,"uuid":"46b022f2-4464-11f1-8655-42010a0c15e1","rfq_number":"RFQ0001244","pr_number":"1200027664","item_code":"6","item_text":"ELBOW,PIPE;90DEG;1.5IN DIA;PVC","quantity":4,"uom":"PC","item_value":"20000.00","src_value":null,"src_currency":null,"gl_account_code":null,"cost_center_code":null,"value_idr":null,"convert_value":null,"convert_currency":null,"vendor_price":"13000.00","delivery_date":"2026-04-29T17:00:00.000Z","vendor_delivery_date":"2026-05-04T00:00:00.000Z","vendor_description":"ELBOW PVC 1 1/2\" AW POW (STOK 8, SATUAN PCS) ➡️Frangko Toko IJT Kedaung/HO Tanjung Redeb\n","reject_reason":null,"vendor_reject_reason":null,"pr_release_date":"2026-04-29T08:25:54.000Z","location":null,"server_groups":"BCG","purchase_group_code":"B28","purchase_group":"Mine Closure","pr_requestor_user":"Yan Lepong","pr_requestor_email":"yan.lepong@beraucoal.co.id; admin.fisheries@beraucoal.co.id","pr_creator_user":"Mine Closure Dept","pr_creator_email":"admin.mcs@beraucoal.co.id","pr_material_group_number":"4700","pr_material_group":"PIPE AND TUBE","external_material_group":"4730","vendor_code":"101962","vendor_code_2":"","plant_code":"B200","plant_name":"Berau Head Office","company_name":"PT Berau Coal","company_address":"- Jl. Pemuda No. 40,77311,Tanjung Redeb,Indonesia","sap_material_number":"6200018308","cs_id":68,"cl_id":65,"status_vendor":1,"vendor_batch":2,"vendor_sequence":null,"status_dic":1,"dic_batch":1,"tipe_rfq":null,"quotation_number":"26-05-0879","quotation_date":"2026-05-04T06:28:33.000Z","cl_comment":null,"status_milestone":20,"dept_head_name":null,"dept_head_email":null,"document_type":"ZDC","spend_channel":null,"sourcing_reason":null,"sourcing_notes":"PR with number B1200027664 already exists. No new items were added.","vendor_type":"direct","category":"MRR","sub_category":null,"sub_category_id":null,"vendor_specification":null,"vendor_brand":"POWER","vendor_warranty":0,"vendor_sloc":"2002","vendor_address_details":"(Frangko Toko IJT/HO Tanjung Redeb)","createdAt":"2026-04-30T07:14:49.000Z","updatedAt":"2026-07-25T01:00:46.000Z"},{"id":3647,"uuid":"46b1aff8-4464-11f1-8655-42010a0c15e1","rfq_number":"RFQ0001244","pr_number":"1200027664","item_code":"5","item_text":"REDUCER,PIPE;SKT;PVC;1X1/2IN","quantity":2,"uom":"PC","item_value":"35000.00","src_value":null,"src_currency":null,"gl_account_code":null,"cost_center_code":null,"value_idr":null,"convert_value":null,"convert_currency":null,"vendor_price":"4000.00","delivery_date":"2026-04-29T17:00:00.000Z","vendor_delivery_date":"2026-05-04T00:00:00.000Z","vendor_description":"REDUSER PVC 1\"X1/2\" AW POW (STOK 13, SATUAN PCS) ➡️Frangko Toko IJT Kedaung/HO Tanjung Redeb\n","reject_reason":null,"vendor_reject_reason":null,"pr_release_date":"2026-04-29T08:25:54.000Z","location":null,"server_groups":"BCG","purchase_group_code":"B28","purchase_group":"Mine Closure","pr_requestor_user":"Yan Lepong","pr_requestor_email":"yan.lepong@beraucoal.co.id; admin.fisheries@beraucoal.co.id","pr_creator_user":"Mine Closure Dept","pr_creator_email":"admin.mcs@beraucoal.co.id","pr_material_group_number":"4700","pr_material_group":"PIPE AND TUBE","external_material_group":"4730","vendor_code":"101962","vendor_code_2":"","plant_code":"B200","plant_name":"Berau Head Office","company_name":"PT Berau Coal","company_address":"- Jl. Pemuda No. 40,77311,Tanjung Redeb,Indonesia","sap_material_number":"6200018310","cs_id":68,"cl_id":65,"status_vendor":1,"vendor_batch":2,"vendor_sequence":null,"status_dic":1,"dic_batch":1,"tipe_rfq":null,"quotation_number":"26-05-0879","quotation_date":"2026-05-04T06:28:33.000Z","cl_comment":null,"status_milestone":20,"dept_head_name":null,"dept_head_email":null,"document_type":"ZDC","spend_channel":null,"sourcing_reason":null,"sourcing_notes":"PR with number B1200027664 already exists. No new items were added.","vendor_type":"direct","category":"MRR","sub_category":null,"sub_category_id":null,"vendor_specification":null,"vendor_brand":"POWER","vendor_warranty":0,"vendor_sloc":"2002","vendor_address_details":"(Frangko Toko IJT/HO Tanjung Redeb)","createdAt":"2026-04-30T07:14:49.000Z","updatedAt":"2026-07-25T01:00:46.000Z"},{"id":3648,"uuid":"46b33f4b-4464-11f1-8655-42010a0c15e1","rfq_number":"RFQ0001244","pr_number":"1200027664","item_code":"4","item_text":"CAP,PIPE;SKT;PVC;1IN DIA","quantity":1,"uom":"PC","item_value":"20000.00","src_value":null,"src_currency":null,"gl_account_code":null,"cost_center_code":null,"value_idr":null,"convert_value":null,"convert_currency":null,"vendor_price":"4000.00","delivery_date":"2026-04-29T17:00:00.000Z","vendor_delivery_date":"2026-05-04T00:00:00.000Z","vendor_description":"CAP PVC 1\" AW POW (STOK 193, SATUAN PCS) ➡️Frangko Toko IJT Kedaung/HO Tanjung Redeb\n","reject_reason":null,"vendor_reject_reason":null,"pr_release_date":"2026-04-29T08:25:54.000Z","location":null,"server_groups":"BCG","purchase_group_code":"B28","purchase_group":"Mine Closure","pr_requestor_user":"Yan Lepong","pr_requestor_email":"yan.lepong@beraucoal.co.id; admin.fisheries@beraucoal.co.id","pr_creator_user":"Mine Closure Dept","pr_creator_email":"admin.mcs@beraucoal.co.id","pr_material_group_number":"4700","pr_material_group":"PIPE AND TUBE","external_material_group":"4730","vendor_code":"101962","vendor_code_2":"","plant_code":"B200","plant_name":"Berau Head Office","company_name":"PT Berau Coal","company_address":"- Jl. Pemuda No. 40,77311,Tanjung Redeb,Indonesia","sap_material_number":"6200018309","cs_id":68,"cl_id":65,"status_vendor":1,"vendor_batch":2,"vendor_sequence":null,"status_dic":1,"dic_batch":1,"tipe_rfq":null,"quotation_number":"26-05-0879","quotation_date":"2026-05-04T06:28:33.000Z","cl_comment":null,"status_milestone":20,"dept_head_name":null,"dept_head_email":null,"document_type":"ZDC","spend_channel":null,"sourcing_reason":null,"sourcing_notes":"PR with number B1200027664 already exists. No new items were added.","vendor_type":"direct","category":"MRR","sub_category":null,"sub_category_id":null,"vendor_specification":null,"vendor_brand":"POWER","vendor_warranty":0,"vendor_sloc":"2002","vendor_address_details":"(Frangko Toko IJT/HO Tanjung Redeb)\n","createdAt":"2026-04-30T07:14:49.000Z","updatedAt":"2026-07-25T01:00:46.000Z"},{"id":3650,"uuid":"46b6726c-4464-11f1-8655-42010a0c15e1","rfq_number":"RFQ0001244","pr_number":"1200027664","item_code":"2","item_text":"TEE,PIPE;PVC;1","quantity":6,"uom":"PC","item_value":"30000.00","src_value":null,"src_currency":null,"gl_account_code":null,"cost_center_code":null,"value_idr":null,"convert_value":null,"convert_currency":null,"vendor_price":"7000.00","delivery_date":"2026-04-29T17:00:00.000Z","vendor_delivery_date":"2026-05-04T00:00:00.000Z","vendor_description":"TEE PVC 1\" AW POW (STOK 74, SATUAN PCS) ➡️Frangko Toko IJT Kedaung/HO Tanjung Redeb\n","reject_reason":null,"vendor_reject_reason":null,"pr_release_date":"2026-04-29T08:25:54.000Z","location":null,"server_groups":"BCG","purchase_group_code":"B28","purchase_group":"Mine Closure","pr_requestor_user":"Yan Lepong","pr_requestor_email":"yan.lepong@beraucoal.co.id; admin.fisheries@beraucoal.co.id","pr_creator_user":"Mine Closure Dept","pr_creator_email":"admin.mcs@beraucoal.co.id","pr_material_group_number":"4700","pr_material_group":"PIPE AND TUBE","external_material_group":"4730","vendor_code":"101962","vendor_code_2":"","plant_code":"B200","plant_name":"Berau Head Office","company_name":"PT Berau Coal","company_address":"- Jl. Pemuda No. 40,77311,Tanjung Redeb,Indonesia","sap_material_number":"6000000412","cs_id":68,"cl_id":65,"status_vendor":1,"vendor_batch":2,"vendor_sequence":null,"status_dic":1,"dic_batch":1,"tipe_rfq":null,"quotation_number":"26-05-0879","quotation_date":"2026-05-04T06:28:33.000Z","cl_comment":null,"status_milestone":20,"dept_head_name":null,"dept_head_email":null,"document_type":"ZDC","spend_channel":null,"sourcing_reason":null,"sourcing_notes":"PR with number B1200027664 already exists. No new items were added.","vendor_type":"direct","category":"MRR","sub_category":null,"sub_category_id":null,"vendor_specification":null,"vendor_brand":"POWER","vendor_warranty":0,"vendor_sloc":"2002","vendor_address_details":"(Frangko Toko IJT/HO Tanjung Redeb)","createdAt":"2026-04-30T07:14:49.000Z","updatedAt":"2026-07-25T01:00:46.000Z"},{"id":3651,"uuid":"46b80060-4464-11f1-8655-42010a0c15e1","rfq_number":"RFQ0001244","pr_number":"1200027664","item_code":"1","item_text":"ELBOW,PIPE;90DEG;1IN DIA;PVC","quantity":9,"uom":"PC","item_value":"30000.00","src_value":null,"src_currency":null,"gl_account_code":null,"cost_center_code":null,"value_idr":null,"convert_value":null,"convert_currency":null,"vendor_price":"5000.00","delivery_date":"2026-04-29T17:00:00.000Z","vendor_delivery_date":"2026-05-04T00:00:00.000Z","vendor_description":"ELBOW PVC 1\" AW POW (STOK 25, SATUAN PCS) ➡️Frangko Toko IJT Kedaung/HO Tanjung Redeb\n","reject_reason":null,"vendor_reject_reason":null,"pr_release_date":"2026-04-29T08:25:54.000Z","location":null,"server_groups":"BCG","purchase_group_code":"B28","purchase_group":"Mine Closure","pr_requestor_user":"Yan Lepong","pr_requestor_email":"yan.lepong@beraucoal.co.id; admin.fisheries@beraucoal.co.id","pr_creator_user":"Mine Closure Dept","pr_creator_email":"admin.mcs@beraucoal.co.id","pr_material_group_number":"4700","pr_material_group":"PIPE AND TUBE","external_material_group":"4730","vendor_code":"101962","vendor_code_2":"","plant_code":"B200","plant_name":"Berau Head Office","company_name":"PT Berau Coal","company_address":"- Jl. Pemuda No. 40,77311,Tanjung Redeb,Indonesia","sap_material_number":"6000000380","cs_id":68,"cl_id":65,"status_vendor":1,"vendor_batch":2,"vendor_sequence":null,"status_dic":1,"dic_batch":1,"tipe_rfq":null,"quotation_number":"26-05-0879","quotation_date":"2026-05-04T06:28:33.000Z","cl_comment":null,"status_milestone":20,"dept_head_name":null,"dept_head_email":null,"document_type":"ZDC","spend_channel":null,"sourcing_reason":null,"sourcing_notes":"PR with number B1200027664 already exists. No new items were added.","vendor_type":"direct","category":"MRR","sub_category":null,"sub_category_id":null,"vendor_specification":null,"vendor_brand":"POWER","vendor_warranty":0,"vendor_sloc":"2002","vendor_address_details":"(Frangko Toko IJT/HO Tanjung Redeb)","createdAt":"2026-04-30T07:14:49.000Z","updatedAt":"2026-07-25T01:00:46.000Z"}],"reason":"Auto-converted to iSourcing due to expired Management action","notes":"Auto-converted to iSourcing due to expired Management action","is_system_action":true}
Error during bulk RFQ update: TypeError: Cannot destructure property 'rfq_number' of 'req.params' as it is undefined.
    at exports.sendActionToCS (/app/src/controllers/qcfController.js:91:33)
    at process.processTicksAndRejections (node:internal/process/task_queues:95:5)
    at async exports.handleExpiredManagementReview (/app/src/services/qcfService.js:158:17)
    at async runCronTasks (/app/src/cron.js:97:9)
    at async cronJob (/app/src/cron.js:108:5)
Failed to process expired Management action for RFQ RFQ0001244: Error: Cannot destructure property 'rfq_number' of 'req.params' as it is undefined.
    at ResMocker.json (/app/src/utils/resMocker.js:36:13)
    at sendResponse (/app/src/helper/log.js:44:31)
    at exports.sendActionToCS (/app/src/controllers/qcfController.js:475:16)
    at process.processTicksAndRejections (node:internal/process/task_queues:95:5)
    at async exports.handleExpiredManagementReview (/app/src/services/qcfService.js:158:17)
    at async runCronTasks (/app/src/cron.js:97:9)
    at async cronJob (/app/src/cron.js:108:5)
{
  requiresManagement: false,
  management_approved_at: 2026-05-04T11:35:13.000Z,
  qcf_approved: 1,
  userOwnsCategory: true,
  cl_approved_at: 2026-05-04T10:57:26.000Z
}
Found 1 RFQ(s) for expired Management action for RFQ RFQ0001255
masuk kesini untuk requestnya :: {"rfq_tipe":"isourcing","items":[{"id":3665,"uuid":"91dc51d0-4496-11f1-8655-42010a0c15e1","rfq_number":"RFQ0001255","pr_number":"1200027666","item_code":"6","item_text":"DISK,ABRASIVE;POLISHING;100X6X16MM","quantity":5,"uom":"PC","item_value":"150000.00","src_value":null,"src_currency":null,"gl_account_code":null,"cost_center_code":null,"value_idr":null,"convert_value":null,"convert_currency":null,"vendor_price":"13000.00","delivery_date":"2026-04-29T17:00:00.000Z","vendor_delivery_date":"2026-05-04T00:00:00.000Z","vendor_description":"BATU GERINDA 4\" 100X6X16 NR (STOK 490, SATUAN PCS) ➡️Frangko Toko IJT Kedaung/HO Tanjung Redeb\n","reject_reason":null,"vendor_reject_reason":null,"pr_release_date":"2026-04-30T09:10:42.000Z","location":null,"server_groups":"BCG","purchase_group_code":"B28","purchase_group":"Mine Closure","pr_requestor_user":"Nurhayati S","pr_requestor_email":"Nurhayati@beraucoal.co.id","pr_creator_user":"Mine Closure Dept","pr_creator_email":"admin.mcs@beraucoal.co.id","pr_material_group_number":"5300","pr_material_group":"BOLT, NUT AND WASHER","external_material_group":"5345","vendor_code":"101962","vendor_code_2":"","plant_code":"B200","plant_name":"Berau Head Office","company_name":"PT Berau Coal","company_address":"- Jl. Pemuda No. 40,77311,Tanjung Redeb,Indonesia","sap_material_number":"6200016315","cs_id":68,"cl_id":65,"status_vendor":1,"vendor_batch":2,"vendor_sequence":null,"status_dic":1,"dic_batch":1,"tipe_rfq":null,"quotation_number":"26-05-0881","quotation_date":"2026-05-04T07:04:01.000Z","cl_comment":null,"status_milestone":20,"dept_head_name":null,"dept_head_email":null,"document_type":"ZDC","spend_channel":null,"sourcing_reason":null,"sourcing_notes":"PR with number B1200027666 already exists. No new items were added.","vendor_type":"direct","category":"MRR","sub_category":null,"sub_category_id":null,"vendor_specification":null,"vendor_brand":"NR","vendor_warranty":0,"vendor_sloc":"2002","vendor_address_details":"(Frangko Toko IJT/HO Tanjung Redeb)","createdAt":"2026-04-30T13:14:50.000Z","updatedAt":"2026-07-25T01:00:46.000Z"}],"reason":"Auto-converted to iSourcing due to expired Management action","notes":"Auto-converted to iSourcing due to expired Management action","is_system_action":true}
Error during bulk RFQ update: TypeError: Cannot destructure property 'rfq_number' of 'req.params' as it is undefined.
    at exports.sendActionToCS (/app/src/controllers/qcfController.js:91:33)
    at process.processTicksAndRejections (node:internal/process/task_queues:95:5)
    at async exports.handleExpiredManagementReview (/app/src/services/qcfService.js:158:17)
    at async runCronTasks (/app/src/cron.js:97:9)
    at async cronJob (/app/src/cron.js:108:5)
Failed to process expired Management action for RFQ RFQ0001255: Error: Cannot destructure property 'rfq_number' of 'req.params' as it is undefined.
    at ResMocker.json (/app/src/utils/resMocker.js:36:13)
    at sendResponse (/app/src/helper/log.js:44:31)
    at exports.sendActionToCS (/app/src/controllers/qcfController.js:475:16)
    at process.processTicksAndRejections (node:internal/process/task_queues:95:5)
    at async exports.handleExpiredManagementReview (/app/src/services/qcfService.js:158:17)
    at async runCronTasks (/app/src/cron.js:97:9)
    at async cronJob (/app/src/cron.js:108:5)
{
  requiresManagement: false,
  management_approved_at: 2026-05-05T15:14:59.000Z,
  qcf_approved: 1,
  userOwnsCategory: true,
  cl_approved_at: 2026-03-04T02:40:29.000Z
}
Found 1 RFQ(s) for expired Management action for RFQ RFQ0000926
masuk kesini untuk requestnya :: {"rfq_tipe":"isourcing","items":[{"id":2786,"uuid":"cff17150-13ab-11f1-a864-42010a0c15dd","rfq_number":"RFQ0000926","pr_number":"1100013572","item_code":"6","item_text":"LAMP;LED;BRP121 LED65/CW;50W;220-240V","quantity":3,"uom":"PC","item_value":"1300000.00","src_value":null,"src_currency":null,"gl_account_code":null,"cost_center_code":null,"value_idr":null,"convert_value":null,"convert_currency":null,"vendor_price":"1300000.00","delivery_date":"2026-02-27T17:00:00.000Z","vendor_delivery_date":"2026-02-28T00:00:00.000Z","vendor_description":"LAMPU JALAN BRP121 LED65/CW 50W (STOK INDENT 2 MINGGU, SATUAN PCS) âž¡ï¸Frangko Toko IJT Kedaung/HO Tanjung Redeb\n","reject_reason":null,"vendor_reject_reason":null,"pr_release_date":"2026-02-26T23:59:21.000Z","location":null,"server_groups":"BCG","purchase_group_code":"C53","purchase_group":"Logistic BC (MTL)","pr_requestor_user":"Chrystyan","pr_requestor_email":"inventory.control@beraucoal.co.id","pr_creator_user":"Jerrymia Rickyando","pr_creator_email":"jerrymia.rickyando@beraucoal.co.id","pr_material_group_number":"6200","pr_material_group":"LIGHTING FIXTURES AND LAMPS","external_material_group":"6240","vendor_code":"101962","vendor_code_2":"","plant_code":"C100","plant_name":"PT. Mutiara Tanjung Lestari","company_name":"PT. Mutiara Tanjung Lestari","company_address":"- Jl. Pemuda No.40, Tanjung Redeb,77311,Berau, Kalimantan Timur,Indonesia","sap_material_number":"5000036042","cs_id":68,"cl_id":65,"status_vendor":1,"vendor_batch":2,"vendor_sequence":null,"status_dic":1,"dic_batch":1,"tipe_rfq":null,"quotation_number":"26-02-0508","quotation_date":"2026-02-28T07:17:41.000Z","cl_comment":null,"status_milestone":10,"dept_head_name":null,"dept_head_email":null,"document_type":"ZST","spend_channel":null,"sourcing_reason":null,"sourcing_notes":"PR with number B1100013572 already exists. No new items were added.","vendor_type":"direct","category":"MRR","sub_category":null,"sub_category_id":null,"vendor_specification":null,"vendor_brand":"philips","vendor_warranty":null,"vendor_sloc":null,"vendor_address_details":null,"createdAt":"2026-02-27T07:13:27.000Z","updatedAt":"2026-07-25T01:00:46.000Z"}],"reason":"Auto-converted to iSourcing due to expired Management action","notes":"Auto-converted to iSourcing due to expired Management action","is_system_action":true}
Error during bulk RFQ update: TypeError: Cannot destructure property 'rfq_number' of 'req.params' as it is undefined.
    at exports.sendActionToCS (/app/src/controllers/qcfController.js:91:33)
    at process.processTicksAndRejections (node:internal/process/task_queues:95:5)
    at async exports.handleExpiredManagementReview (/app/src/services/qcfService.js:158:17)
    at async runCronTasks (/app/src/cron.js:97:9)
    at async cronJob (/app/src/cron.js:108:5)
Failed to process expired Management action for RFQ RFQ0000926: Error: Cannot destructure property 'rfq_number' of 'req.params' as it is undefined.
    at ResMocker.json (/app/src/utils/resMocker.js:36:13)
    at sendResponse (/app/src/helper/log.js:44:31)
    at exports.sendActionToCS (/app/src/controllers/qcfController.js:475:16)
    at process.processTicksAndRejections (node:internal/process/task_queues:95:5)
    at async exports.handleExpiredManagementReview (/app/src/services/qcfService.js:158:17)
    at async runCronTasks (/app/src/cron.js:97:9)
    at async cronJob (/app/src/cron.js:108:5)
{
  requiresManagement: false,
  management_approved_at: 2026-05-05T05:13:56.000Z,
  qcf_approved: 1,
  userOwnsCategory: true,
  cl_approved_at: 2026-05-05T02:19:46.000Z
}
Found 1 RFQ(s) for expired Management action for RFQ RFQ0001242
masuk kesini untuk requestnya :: {"rfq_tipe":"isourcing","items":[{"id":3642,"uuid":"3fbbdac2-4464-11f1-8655-42010a0c15e1","rfq_number":"RFQ0001242","pr_number":"1200027660","item_code":"4","item_text":"SPARK PLUG;GX160;NGK;ALKON","quantity":3,"uom":"PC","item_value":"45000.00","src_value":null,"src_currency":null,"gl_account_code":null,"cost_center_code":null,"value_idr":null,"convert_value":null,"convert_currency":null,"vendor_price":"15000.00","delivery_date":"2026-04-29T17:00:00.000Z","vendor_delivery_date":"2026-05-04T00:00:00.000Z","vendor_description":"BUSI ST7HS PDK (STOK 39, SATUAN PCS) ➡️Frangko Toko IJT Kedaung/HO Tanjung Redeb\n","reject_reason":null,"vendor_reject_reason":null,"pr_release_date":"2026-04-29T08:25:38.000Z","location":null,"server_groups":"BCG","purchase_group_code":"B28","purchase_group":"Mine Closure","pr_requestor_user":"Yan Lepong","pr_requestor_email":"Yan.lepong@beraucoal.co.id; admin.fisheries@beraucoal.co.id","pr_creator_user":"Mine Closure Dept","pr_creator_email":"admin.mcs@beraucoal.co.id","pr_material_group_number":"2900","pr_material_group":"ENGINE ACCESSORIES","external_material_group":"2920","vendor_code":"101962","vendor_code_2":"","plant_code":"B200","plant_name":"Berau Head Office","company_name":"PT Berau Coal","company_address":"- Jl. Pemuda No. 40,77311,Tanjung Redeb,Indonesia","sap_material_number":"6200014106","cs_id":68,"cl_id":65,"status_vendor":1,"vendor_batch":2,"vendor_sequence":null,"status_dic":1,"dic_batch":1,"tipe_rfq":null,"quotation_number":"26-05-0878","quotation_date":"2026-05-04T06:09:55.000Z","cl_comment":null,"status_milestone":20,"dept_head_name":null,"dept_head_email":null,"document_type":"ZDC","spend_channel":null,"sourcing_reason":null,"sourcing_notes":"PR with number B1200027660 already exists. No new items were added.","vendor_type":"direct","category":"MRR","sub_category":null,"sub_category_id":null,"vendor_specification":null,"vendor_brand":"-","vendor_warranty":0,"vendor_sloc":"2002","vendor_address_details":"(Frangko Toko IJT/HO Tanjung Redeb)\n","createdAt":"2026-04-30T07:14:38.000Z","updatedAt":"2026-07-25T01:00:47.000Z"}],"reason":"Auto-converted to iSourcing due to expired Management action","notes":"Auto-converted to iSourcing due to expired Management action","is_system_action":true}
Error during bulk RFQ update: TypeError: Cannot destructure property 'rfq_number' of 'req.params' as it is undefined.
    at exports.sendActionToCS (/app/src/controllers/qcfController.js:91:33)
    at process.processTicksAndRejections (node:internal/process/task_queues:95:5)
    at async exports.handleExpiredManagementReview (/app/src/services/qcfService.js:158:17)
    at async runCronTasks (/app/src/cron.js:97:9)
    at async cronJob (/app/src/cron.js:108:5)
Failed to process expired Management action for RFQ RFQ0001242: Error: Cannot destructure property 'rfq_number' of 'req.params' as it is undefined.
    at ResMocker.json (/app/src/utils/resMocker.js:36:13)
    at sendResponse (/app/src/helper/log.js:44:31)
    at exports.sendActionToCS (/app/src/controllers/qcfController.js:475:16)
    at process.processTicksAndRejections (node:internal/process/task_queues:95:5)
    at async exports.handleExpiredManagementReview (/app/src/services/qcfService.js:158:17)
    at async runCronTasks (/app/src/cron.js:97:9)
    at async cronJob (/app/src/cron.js:108:5)
{
  requiresManagement: false,
  management_approved_at: 2026-05-05T15:18:19.000Z,
  qcf_approved: 1,
  userOwnsCategory: true,
  cl_approved_at: 2026-05-05T11:51:53.000Z
}
Found 4 RFQ(s) for expired Management action for RFQ RFQ0001238
masuk kesini untuk requestnya :: {"rfq_tipe":"isourcing","items":[{"id":3623,"uuid":"5bf850a7-43cd-11f1-8655-42010a0c15e1","rfq_number":"RFQ0001238","pr_number":"1200027667","item_code":"6","item_text":"BRUSH,PAINT;4IN W","quantity":2,"uom":"PC","item_value":"50000.00","src_value":null,"src_currency":null,"gl_account_code":null,"cost_center_code":null,"value_idr":null,"convert_value":null,"convert_currency":null,"vendor_price":"11000.00","delivery_date":"2026-04-29T17:00:00.000Z","vendor_delivery_date":"2026-05-04T00:00:00.000Z","vendor_description":"KUAS 4\" (STOK 53, SATUAN PCS) ➡️Frangko Toko IJT Kedaung/HO Tanjung Redeb\n","reject_reason":null,"vendor_reject_reason":null,"pr_release_date":"2026-04-29T08:26:14.000Z","location":null,"server_groups":"BCG","purchase_group_code":"B28","purchase_group":"Mine Closure","pr_requestor_user":"Yan Lepong","pr_requestor_email":"yan.lepong@beraucoal.co.id; Admin.fisheries@beraucoal.co.id","pr_creator_user":"Mine Closure Dept","pr_creator_email":"admin.mcs@beraucoal.co.id","pr_material_group_number":"8000","pr_material_group":"BRUSHES, PAINTS, SEALERS, AND ADHESIVES","external_material_group":"8020","vendor_code":"101962","vendor_code_2":"","plant_code":"B200","plant_name":"Berau Head Office","company_name":"PT Berau Coal","company_address":"- Jl. Pemuda No. 40,77311,Tanjung Redeb,Indonesia","sap_material_number":"6000013459","cs_id":72,"cl_id":4,"status_vendor":1,"vendor_batch":2,"vendor_sequence":null,"status_dic":1,"dic_batch":1,"tipe_rfq":null,"quotation_number":"26-05-0883","quotation_date":"2026-05-04T07:22:09.000Z","cl_comment":null,"status_milestone":20,"dept_head_name":null,"dept_head_email":null,"document_type":"ZDC","spend_channel":null,"sourcing_reason":null,"sourcing_notes":"PR with number B1200027667 already exists. No new items were added.","vendor_type":"direct","category":"GSL","sub_category":null,"sub_category_id":null,"vendor_specification":null,"vendor_brand":"-","vendor_warranty":0,"vendor_sloc":"2002","vendor_address_details":"(Frangko Toko IJT/HO Tanjung Redeb)","createdAt":"2026-04-29T13:14:31.000Z","updatedAt":"2026-07-25T01:00:47.000Z"},{"id":3624,"uuid":"5bf9ed36-43cd-11f1-8655-42010a0c15e1","rfq_number":"RFQ0001238","pr_number":"1200027667","item_code":"5","item_text":"BRUSH,PAINT;2.5IN W","quantity":4,"uom":"PC","item_value":"30000.00","src_value":null,"src_currency":null,"gl_account_code":null,"cost_center_code":null,"value_idr":null,"convert_value":null,"convert_currency":null,"vendor_price":"7000.00","delivery_date":"2026-04-29T17:00:00.000Z","vendor_delivery_date":"2026-05-04T00:00:00.000Z","vendor_description":"KUAS 2 1/2\" (STOK 77, SATUAN PCS) ➡️Frangko Toko IJT Kedaung/HO Tanjung Redeb\n","reject_reason":null,"vendor_reject_reason":null,"pr_release_date":"2026-04-29T08:26:14.000Z","location":null,"server_groups":"BCG","purchase_group_code":"B28","purchase_group":"Mine Closure","pr_requestor_user":"Yan Lepong","pr_requestor_email":"yan.lepong@beraucoal.co.id; Admin.fisheries@beraucoal.co.id","pr_creator_user":"Mine Closure Dept","pr_creator_email":"admin.mcs@beraucoal.co.id","pr_material_group_number":"8000","pr_material_group":"BRUSHES, PAINTS, SEALERS, AND ADHESIVES","external_material_group":"8020","vendor_code":"101962","vendor_code_2":"","plant_code":"B200","plant_name":"Berau Head Office","company_name":"PT Berau Coal","company_address":"- Jl. Pemuda No. 40,77311,Tanjung Redeb,Indonesia","sap_material_number":"6200012416","cs_id":72,"cl_id":4,"status_vendor":1,"vendor_batch":2,"vendor_sequence":null,"status_dic":1,"dic_batch":1,"tipe_rfq":null,"quotation_number":"26-05-0883","quotation_date":"2026-05-04T07:22:09.000Z","cl_comment":null,"status_milestone":20,"dept_head_name":null,"dept_head_email":null,"document_type":"ZDC","spend_channel":null,"sourcing_reason":null,"sourcing_notes":"PR with number B1200027667 already exists. No new items were added.","vendor_type":"direct","category":"GSL","sub_category":null,"sub_category_id":null,"vendor_specification":null,"vendor_brand":"-","vendor_warranty":0,"vendor_sloc":"2002","vendor_address_details":"(Frangko Toko IJT/HO Tanjung Redeb)","createdAt":"2026-04-29T13:14:31.000Z","updatedAt":"2026-07-25T01:00:47.000Z"},{"id":3625,"uuid":"5bfb80dd-43cd-11f1-8655-42010a0c15e1","rfq_number":"RFQ0001238","pr_number":"1200027667","item_code":"4","item_text":"ROLLER,PAINT;C/W BAK","quantity":2,"uom":"PC","item_value":"120000.00","src_value":null,"src_currency":null,"gl_account_code":null,"cost_center_code":null,"value_idr":null,"convert_value":null,"convert_currency":null,"vendor_price":"40000.00","delivery_date":"2026-04-29T17:00:00.000Z","vendor_delivery_date":"2026-05-04T00:00:00.000Z","vendor_description":"KUAS ROLL BESAR ETERNA + BAK CAT (STOK 25, SATUAN SET) ➡️Frangko Toko IJT Kedaung/HO Tanjung Redeb\n","reject_reason":null,"vendor_reject_reason":null,"pr_release_date":"2026-04-29T08:26:14.000Z","location":null,"server_groups":"BCG","purchase_group_code":"B28","purchase_group":"Mine Closure","pr_requestor_user":"Yan Lepong","pr_requestor_email":"yan.lepong@beraucoal.co.id; Admin.fisheries@beraucoal.co.id","pr_creator_user":"Mine Closure Dept","pr_creator_email":"admin.mcs@beraucoal.co.id","pr_material_group_number":"8000","pr_material_group":"BRUSHES, PAINTS, SEALERS, AND ADHESIVES","external_material_group":"8020","vendor_code":"101962","vendor_code_2":"","plant_code":"B200","plant_name":"Berau Head Office","company_name":"PT Berau Coal","company_address":"- Jl. Pemuda No. 40,77311,Tanjung Redeb,Indonesia","sap_material_number":"6000013457","cs_id":72,"cl_id":4,"status_vendor":1,"vendor_batch":2,"vendor_sequence":null,"status_dic":1,"dic_batch":1,"tipe_rfq":null,"quotation_number":"26-05-0883","quotation_date":"2026-05-04T07:22:09.000Z","cl_comment":null,"status_milestone":20,"dept_head_name":null,"dept_head_email":null,"document_type":"ZDC","spend_channel":null,"sourcing_reason":null,"sourcing_notes":"PR with number B1200027667 already exists. No new items were added.","vendor_type":"direct","category":"GSL","sub_category":null,"sub_category_id":null,"vendor_specification":null,"vendor_brand":"-","vendor_warranty":0,"vendor_sloc":"2002","vendor_address_details":"(Frangko Toko IJT/HO Tanjung Redeb)","createdAt":"2026-04-29T13:14:31.000Z","updatedAt":"2026-07-25T01:00:47.000Z"},{"id":3628,"uuid":"5c0040ec-43cd-11f1-8655-42010a0c15e1","rfq_number":"RFQ0001238","pr_number":"1200027667","item_code":"1","item_text":"PAINT,FINISHING;OIL BASE;WOOD;BLK;1L","quantity":2,"uom":"CAN","item_value":"90000.00","src_value":null,"src_currency":null,"gl_account_code":null,"cost_center_code":null,"value_idr":null,"convert_value":null,"convert_currency":null,"vendor_price":"92000.00","delivery_date":"2026-04-29T17:00:00.000Z","vendor_delivery_date":"2026-05-04T00:00:00.000Z","vendor_description":"CAT AVIAN SB SUPERBLACK @0,9 L (STOK 98, SATUAN CAN) ➡️Frangko Toko IJT Kedaung/HO Tanjung Redeb","reject_reason":null,"vendor_reject_reason":null,"pr_release_date":"2026-04-29T08:26:14.000Z","location":null,"server_groups":"BCG","purchase_group_code":"B28","purchase_group":"Mine Closure","pr_requestor_user":"Yan Lepong","pr_requestor_email":"yan.lepong@beraucoal.co.id; Admin.fisheries@beraucoal.co.id","pr_creator_user":"Mine Closure Dept","pr_creator_email":"admin.mcs@beraucoal.co.id","pr_material_group_number":"8000","pr_material_group":"BRUSHES, PAINTS, SEALERS, AND ADHESIVES","external_material_group":"8010","vendor_code":"101962","vendor_code_2":"","plant_code":"B200","plant_name":"Berau Head Office","company_name":"PT Berau Coal","company_address":"- Jl. Pemuda No. 40,77311,Tanjung Redeb,Indonesia","sap_material_number":"6000014464","cs_id":72,"cl_id":4,"status_vendor":1,"vendor_batch":2,"vendor_sequence":null,"status_dic":1,"dic_batch":1,"tipe_rfq":null,"quotation_number":"26-05-0883","quotation_date":"2026-05-04T07:22:09.000Z","cl_comment":null,"status_milestone":10,"dept_head_name":null,"dept_head_email":null,"document_type":"ZDC","spend_channel":null,"sourcing_reason":null,"sourcing_notes":"PR with number B1200027667 already exists. No new items were added.","vendor_type":"direct","category":"GSL","sub_category":null,"sub_category_id":null,"vendor_specification":null,"vendor_brand":"AVIAN","vendor_warranty":0,"vendor_sloc":"2002","vendor_address_details":"(Frangko Toko IJT/HO Tanjung Redeb)","createdAt":"2026-04-29T13:14:31.000Z","updatedAt":"2026-07-25T01:00:47.000Z"}],"reason":"Auto-converted to iSourcing due to expired Management action","notes":"Auto-converted to iSourcing due to expired Management action","is_system_action":true}
Error during bulk RFQ update: TypeError: Cannot destructure property 'rfq_number' of 'req.params' as it is undefined.
    at exports.sendActionToCS (/app/src/controllers/qcfController.js:91:33)
    at process.processTicksAndRejections (node:internal/process/task_queues:95:5)
    at async exports.handleExpiredManagementReview (/app/src/services/qcfService.js:158:17)
    at async runCronTasks (/app/src/cron.js:97:9)
    at async cronJob (/app/src/cron.js:108:5)
Failed to process expired Management action for RFQ RFQ0001238: Error: Cannot destructure property 'rfq_number' of 'req.params' as it is undefined.
    at ResMocker.json (/app/src/utils/resMocker.js:36:13)
    at sendResponse (/app/src/helper/log.js:44:31)
    at exports.sendActionToCS (/app/src/controllers/qcfController.js:475:16)
    at process.processTicksAndRejections (node:internal/process/task_queues:95:5)
    at async exports.handleExpiredManagementReview (/app/src/services/qcfService.js:158:17)
    at async runCronTasks (/app/src/cron.js:97:9)
    at async cronJob (/app/src/cron.js:108:5)
{
  requiresManagement: false,
  management_approved_at: 2026-05-06T11:00:50.000Z,
  qcf_approved: 1,
  userOwnsCategory: true,
  cl_approved_at: 2026-05-06T08:11:23.000Z
}
Found 2 RFQ(s) for expired Management action for RFQ RFQ0001255
masuk kesini untuk requestnya :: {"rfq_tipe":"isourcing","items":[{"id":3663,"uuid":"91d92fc7-4496-11f1-8655-42010a0c15e1","rfq_number":"RFQ0001255","pr_number":"1200027666","item_code":"8","item_text":"SPARK PLUG","quantity":3,"uom":"PC","item_value":"300000.00","src_value":null,"src_currency":null,"gl_account_code":null,"cost_center_code":null,"value_idr":null,"convert_value":null,"convert_currency":null,"vendor_price":"27000.00","delivery_date":"2026-04-29T17:00:00.000Z","vendor_delivery_date":"2026-05-04T00:00:00.000Z","vendor_description":"BUSI DENSO W16EX-U  (STOK PREPARE 2-3 HARI, SATUAN PCS) ➡️Frangko Toko IJT Kedaung/HO Tanjung Redeb\n","reject_reason":null,"vendor_reject_reason":null,"pr_release_date":"2026-04-30T09:10:42.000Z","location":null,"server_groups":"BCG","purchase_group_code":"B28","purchase_group":"Mine Closure","pr_requestor_user":"Nurhayati S","pr_requestor_email":"Nurhayati@beraucoal.co.id","pr_creator_user":"Mine Closure Dept","pr_creator_email":"admin.mcs@beraucoal.co.id","pr_material_group_number":"2900","pr_material_group":"ENGINE ACCESSORIES","external_material_group":"2920","vendor_code":"101962","vendor_code_2":"","plant_code":"B200","plant_name":"Berau Head Office","company_name":"PT Berau Coal","company_address":"- Jl. Pemuda No. 40,77311,Tanjung Redeb,Indonesia","sap_material_number":"6000000211","cs_id":68,"cl_id":65,"status_vendor":1,"vendor_batch":4,"vendor_sequence":null,"status_dic":1,"dic_batch":2,"tipe_rfq":null,"quotation_number":"26-05-0901","quotation_date":"2026-05-06T07:50:17.000Z","cl_comment":null,"status_milestone":20,"dept_head_name":null,"dept_head_email":null,"document_type":"ZDC","spend_channel":null,"sourcing_reason":null,"sourcing_notes":"PR with number B1200027666 already exists. No new items were added.","vendor_type":"direct","category":"MRR","sub_category":null,"sub_category_id":null,"vendor_specification":null,"vendor_brand":"-","vendor_warranty":0,"vendor_sloc":"2002","vendor_address_details":"(Frangko Toko IJT/HO Tanjung Redeb)","createdAt":"2026-04-30T13:14:50.000Z","updatedAt":"2026-07-25T01:00:48.000Z"},{"id":3667,"uuid":"91df4809-4496-11f1-8655-42010a0c15e1","rfq_number":"RFQ0001255","pr_number":"1200027666","item_code":"2","item_text":"VALVE,BALL;1IN","quantity":4,"uom":"PC","item_value":"100000.00","src_value":null,"src_currency":null,"gl_account_code":null,"cost_center_code":null,"value_idr":null,"convert_value":null,"convert_currency":null,"vendor_price":"50000.00","delivery_date":"2026-04-29T17:00:00.000Z","vendor_delivery_date":"2026-05-04T00:00:00.000Z","vendor_description":"STOP KRAN PVC 1\" ONDA (STOK 7, SATUAN PCS) ➡️Frangko Toko IJT Kedaung/HO Tanjung Redeb\n","reject_reason":null,"vendor_reject_reason":null,"pr_release_date":"2026-04-30T09:10:42.000Z","location":null,"server_groups":"BCG","purchase_group_code":"B28","purchase_group":"Mine Closure","pr_requestor_user":"Nurhayati S","pr_requestor_email":"Nurhayati@beraucoal.co.id","pr_creator_user":"Mine Closure Dept","pr_creator_email":"admin.mcs@beraucoal.co.id","pr_material_group_number":"4800","pr_material_group":"VALVES","external_material_group":"4820","vendor_code":"101962","vendor_code_2":"","plant_code":"B200","plant_name":"Berau Head Office","company_name":"PT Berau Coal","company_address":"- Jl. Pemuda No. 40,77311,Tanjung Redeb,Indonesia","sap_material_number":"6000000420","cs_id":68,"cl_id":65,"status_vendor":1,"vendor_batch":4,"vendor_sequence":null,"status_dic":1,"dic_batch":2,"tipe_rfq":null,"quotation_number":"26-05-0901","quotation_date":"2026-05-06T07:50:17.000Z","cl_comment":null,"status_milestone":20,"dept_head_name":null,"dept_head_email":null,"document_type":"ZDC","spend_channel":null,"sourcing_reason":null,"sourcing_notes":"PR with number B1200027666 already exists. No new items were added.","vendor_type":"direct","category":"MRR","sub_category":null,"sub_category_id":null,"vendor_specification":null,"vendor_brand":"KITZ","vendor_warranty":0,"vendor_sloc":"2002","vendor_address_details":"(Frangko Toko IJT/HO Tanjung Redeb)","createdAt":"2026-04-30T13:14:50.000Z","updatedAt":"2026-07-25T01:00:48.000Z"}],"reason":"Auto-converted to iSourcing due to expired Management action","notes":"Auto-converted to iSourcing due to expired Management action","is_system_action":true}
Error during bulk RFQ update: TypeError: Cannot destructure property 'rfq_number' of 'req.params' as it is undefined.
    at exports.sendActionToCS (/app/src/controllers/qcfController.js:91:33)
    at process.processTicksAndRejections (node:internal/process/task_queues:95:5)
    at async exports.handleExpiredManagementReview (/app/src/services/qcfService.js:158:17)
    at async runCronTasks (/app/src/cron.js:97:9)
    at async cronJob (/app/src/cron.js:108:5)
Failed to process expired Management action for RFQ RFQ0001255: Error: Cannot destructure property 'rfq_number' of 'req.params' as it is undefined.
    at ResMocker.json (/app/src/utils/resMocker.js:36:13)
    at sendResponse (/app/src/helper/log.js:44:31)
    at exports.sendActionToCS (/app/src/controllers/qcfController.js:475:16)
    at process.processTicksAndRejections (node:internal/process/task_queues:95:5)
    at async exports.handleExpiredManagementReview (/app/src/services/qcfService.js:158:17)
    at async runCronTasks (/app/src/cron.js:97:9)
    at async cronJob (/app/src/cron.js:108:5)
{
  requiresManagement: true,
  management_approved_at: 2026-05-18T08:48:38.000Z,
  qcf_approved: 1,
  userOwnsCategory: true,
  cl_approved_at: 2026-05-18T03:47:45.000Z
}
Found 1 RFQ(s) for expired Management action for RFQ RFQ0001276
masuk kesini untuk requestnya :: {"rfq_tipe":"isourcing","items":[{"id":3742,"uuid":"4edf0e3f-4e9b-11f1-8074-42010a0c15e1","rfq_number":"RFQ0001276","pr_number":"1100013725","item_code":"3","item_text":"JUNCTION BOX;PLEXO;100X100X50 MM","quantity":8,"uom":"PC","item_value":"20000.00","src_value":null,"src_currency":null,"gl_account_code":null,"cost_center_code":null,"value_idr":null,"convert_value":null,"convert_currency":null,"vendor_price":"20000.00","delivery_date":"2026-05-29T17:00:00.000Z","vendor_delivery_date":"2026-05-23T00:00:00.000Z","vendor_description":"JUNCTION BOX 10X10X5 CM 3/4\" DEXTA DX-122 (STOK INDENT 1 MINGGU, SATUAN PCS) ➡️Frangko Toko IJT Kedaung/HO Tanjung Redeb\n","reject_reason":null,"vendor_reject_reason":null,"pr_release_date":"2026-05-13T03:43:07.000Z","location":null,"server_groups":"BCG","purchase_group_code":"C53","purchase_group":"Logistic BC (MTL)","pr_requestor_user":"Chrystyan","pr_requestor_email":"inventory.control@beraucoal.co.id","pr_creator_user":"Aditya Rismana","pr_creator_email":"aditya.rismana@beraucoal.co.id","pr_material_group_number":"5900","pr_material_group":"ELECTRICAL","external_material_group":"5975","vendor_code":"101962","vendor_code_2":"","plant_code":"C100","plant_name":"PT. Mutiara Tanjung Lestari","company_name":"PT. Mutiara Tanjung Lestari","company_address":"- Jl. Pemuda No.40, Tanjung Redeb,77311,Berau, Kalimantan Timur,Indonesia","sap_material_number":"4108033449","cs_id":68,"cl_id":65,"status_vendor":1,"vendor_batch":2,"vendor_sequence":null,"status_dic":1,"dic_batch":1,"tipe_rfq":null,"quotation_number":"26-05-0961","quotation_date":"2026-05-16T00:07:36.000Z","cl_comment":null,"status_milestone":10,"dept_head_name":null,"dept_head_email":null,"document_type":"ZST","spend_channel":null,"sourcing_reason":null,"sourcing_notes":"PR with number B1100013725 already exists. No new items were added.","vendor_type":"direct","category":"MRR","sub_category":null,"sub_category_id":null,"vendor_specification":null,"vendor_brand":"DEXTA","vendor_warranty":0,"vendor_sloc":"5001","vendor_address_details":"JUNCTION BOX 10X10X5 CM 3/4\" DEXTA DX-122 (STOK INDENT 1 MINGGU, SATUAN PCS) ➡️Frangko Toko IJT Kedaung/HO Tanjung Redeb\n","createdAt":"2026-05-13T07:13:57.000Z","updatedAt":"2026-07-25T01:00:48.000Z"}],"reason":"Auto-converted to iSourcing due to expired Management action","notes":"Auto-converted to iSourcing due to expired Management action","is_system_action":true}
Error during bulk RFQ update: TypeError: Cannot destructure property 'rfq_number' of 'req.params' as it is undefined.
    at exports.sendActionToCS (/app/src/controllers/qcfController.js:91:33)
    at process.processTicksAndRejections (node:internal/process/task_queues:95:5)
    at async exports.handleExpiredManagementReview (/app/src/services/qcfService.js:158:17)
    at async runCronTasks (/app/src/cron.js:97:9)
    at async cronJob (/app/src/cron.js:108:5)
Failed to process expired Management action for RFQ RFQ0001276: Error: Cannot destructure property 'rfq_number' of 'req.params' as it is undefined.
    at ResMocker.json (/app/src/utils/resMocker.js:36:13)
    at sendResponse (/app/src/helper/log.js:44:31)
    at exports.sendActionToCS (/app/src/controllers/qcfController.js:475:16)
    at process.processTicksAndRejections (node:internal/process/task_queues:95:5)
    at async exports.handleExpiredManagementReview (/app/src/services/qcfService.js:158:17)
    at async runCronTasks (/app/src/cron.js:97:9)
    at async cronJob (/app/src/cron.js:108:5)
{
  requiresManagement: true,
  management_approved_at: 2026-06-15T02:08:26.000Z,
  qcf_approved: 1,
  userOwnsCategory: true,
  cl_approved_at: 2026-06-15T00:22:36.000Z
}
Found 1 RFQ(s) for expired Management action for RFQ RFQ0001390
masuk kesini untuk requestnya :: {"rfq_tipe":"isourcing","items":[{"id":4054,"uuid":"f4c7ef13-ed72-4f73-950b-b73ae5efe093","rfq_number":"RFQ0001390","pr_number":"1200027726","item_code":"18","item_text":"DISPENSER,DRINK WTR;GALON BAWAH;COSMOS","quantity":1,"uom":"UNT","item_value":"3000000.00","src_value":"3000000.00","src_currency":"IDR","gl_account_code":"7250105","cost_center_code":"B44A500","value_idr":3000000,"convert_value":"168.00","convert_currency":"USD","vendor_price":"1258000.00","delivery_date":"2026-06-28T17:00:00.000Z","vendor_delivery_date":"2026-06-29T00:00:00.000Z","vendor_description":"COSMOS CWD-7601","reject_reason":null,"vendor_reject_reason":null,"pr_release_date":"2026-06-05T01:54:05.000Z","location":null,"server_groups":"BCG","purchase_group_code":"B28","purchase_group":"Mine Closure","pr_requestor_user":"Nurhayati S","pr_requestor_email":"Nurhayati@beraucoal.co.id","pr_creator_user":"Mine Closure Dept","pr_creator_email":"admin.mcs@beraucoal.co.id","pr_material_group_number":"7300","pr_material_group":"FOOD PREPARATION AND SERVING EQUIPMENT","external_material_group":"7310","vendor_code":"105937","vendor_code_2":"","plant_code":"B200","plant_name":"Berau Head Office","company_name":"PT Berau Coal","company_address":"- Jl. Pemuda No. 40,77311,Tanjung Redeb,Indonesia","sap_material_number":"6200016479","cs_id":72,"cl_id":4,"status_vendor":1,"vendor_batch":2,"vendor_sequence":3,"status_dic":1,"dic_batch":1,"tipe_rfq":null,"quotation_number":"8","quotation_date":"2026-06-10T06:17:43.000Z","cl_comment":null,"status_milestone":10,"dept_head_name":null,"dept_head_email":null,"document_type":"ZDC","spend_channel":null,"sourcing_reason":null,"sourcing_notes":null,"vendor_type":"direct","category":"GSL","sub_category":null,"sub_category_id":null,"vendor_specification":null,"vendor_brand":"Cosmos","vendor_warranty":11,"vendor_sloc":"2002","vendor_address_details":"JL.PEMUDA TANJUNG REDEB BERAU","createdAt":"2026-06-05T00:11:54.000Z","updatedAt":"2026-06-13T01:49:09.000Z"}],"reason":"Auto-converted to iSourcing due to expired Management action","notes":"Auto-converted to iSourcing due to expired Management action","is_system_action":true}
Error during bulk RFQ update: TypeError: Cannot destructure property 'rfq_number' of 'req.params' as it is undefined.
    at exports.sendActionToCS (/app/src/controllers/qcfController.js:91:33)
    at process.processTicksAndRejections (node:internal/process/task_queues:95:5)
    at async exports.handleExpiredManagementReview (/app/src/services/qcfService.js:158:17)
    at async runCronTasks (/app/src/cron.js:97:9)
    at async cronJob (/app/src/cron.js:108:5)
Failed to process expired Management action for RFQ RFQ0001390: Error: Cannot destructure property 'rfq_number' of 'req.params' as it is undefined.
    at ResMocker.json (/app/src/utils/resMocker.js:36:13)
    at sendResponse (/app/src/helper/log.js:44:31)
    at exports.sendActionToCS (/app/src/controllers/qcfController.js:475:16)
    at process.processTicksAndRejections (node:internal/process/task_queues:95:5)
    at async exports.handleExpiredManagementReview (/app/src/services/qcfService.js:158:17)
    at async runCronTasks (/app/src/cron.js:97:9)
    at async cronJob (/app/src/cron.js:108:5)
Cron job finished. Duration: 214215.41ms
Cron job completed successfully.
Database connection closed.
